DBRep_DrawableShape

CASCADE Topology V1, (c) Matra-Datavision
Locations 1
1
              1               0               0               0 
              0               1               0               0 
              0               0               1 0.0152000000000001 
Curve2ds 0
Curves 814
1 -10.770735999999999 -23.747118 1.3795999999999999 0 0 1 
1 -10.742597 -23.738582000000001 1.3795999999999999 0 0 1 
1 -10.770735999999999 -23.747118 1.3795999999999999 0.95693912965151362 0.29028865313994567 0 
1 -10.716664 -23.724720000000001 1.3795999999999999 0 0 1 
1 -10.742597 -23.738582000000001 1.3795999999999999 0.88191387411535138 0.47141056271879644 0 
1 -10.693934 -23.706066 1.3795999999999999 0 0 1 
1 -10.716664 -23.724720000000001 1.3795999999999999 0.77301093560042844 0.63439269655486263 0 
1 -10.675280000000001 -23.683336000000001 1.3795999999999999 0 0 1 
1 -10.693934 -23.706066 1.3795999999999999 0.63439269655482666 0.77301093560045819 0 
1 -10.661417999999999 -23.657402999999999 1.3795999999999999 0 0 1 
1 -10.675280000000001 -23.683336000000001 1.3795999999999999 0.47141056271881832 0.88191387411533961 0 
1 -10.652882 -23.629263999999999 1.3795999999999999 0 0 1 
1 -10.661417999999999 -23.657402999999999 1.3795999999999999 0.29028865313994567 0.95693912965151362 0 
1 -10.65 -23.600000000000001 1.3795999999999999 0 0 1 
1 -10.652882 -23.629263999999999 1.3795999999999999 0.098008638444586751 0.99518556399811098 0 
1 -10.652882 -23.570736 1.3795999999999999 0 0 1 
1 -10.65 -23.600000000000001 1.3795999999999999 -0.098008638444574969 0.9951855639981122 0 
1 -10.661417999999999 -23.542597000000001 1.3795999999999999 0 0 1 
1 -10.652882 -23.570736 1.3795999999999999 -0.29028865313994567 0.95693912965151362 0 
1 -10.675280000000001 -23.516663999999999 1.3795999999999999 0 0 1 
1 -10.661417999999999 -23.542597000000001 1.3795999999999999 -0.47141056271881832 0.88191387411533961 0 
1 -10.693934 -23.493933999999999 1.3795999999999999 0 0 1 
1 -10.675280000000001 -23.516663999999999 1.3795999999999999 -0.63439269655482666 0.77301093560045819 0 
1 -10.716664 -23.475280000000001 1.3795999999999999 0 0 1 
1 -10.693934 -23.493933999999999 1.3795999999999999 -0.77301093560048773 0.63439269655479047 0 
1 -10.742597 -23.461417999999998 1.3795999999999999 0 0 1 
1 -10.716664 -23.475280000000001 1.3795999999999999 -0.88191387411530109 0.47141056271889037 0 
1 -10.770735999999999 -23.452881999999999 1.3795999999999999 0 0 1 
1 -10.742597 -23.461417999999998 1.3795999999999999 -0.95693912965151362 0.29028865313994567 0 
1 -10.797204000000001 -23.450275000000001 1.3795999999999999 0 0 1 
1 -10.770735999999999 -23.452881999999999 1.3795999999999999 -0.9951842515677819 0.09802196402579258 0 
1 -10.949999999999999 -22.991886000000001 1.3795999999999999 0 0 1 
1 -10.797204000000001 -23.450275000000001 1.3795999999999999 -0.31622714513570016 0.94868350501066734 0 
1 -10.949999999999999 -14.821662 1.3795999999999999 0 0 1 
1 -10.949999999999999 -22.991886000000001 1.3795999999999999 0 1 0 
1 -10.567805 -14.463354000000001 1.3795999999999999 0 0 1 
1 -10.949999999999999 -14.821662 1.3795999999999999 0.72953702556131228 0.68394131936530445 0 
1 -9.983117 -14.024837 1.3795999999999999 0 0 1 
1 -10.567805 -14.463354000000001 1.3795999999999999 0.79999934323953059 0.60000087567962745 0 
1 -9.9574029999999993 -14.038582 1.3795999999999999 0 0 1 
1 -9.983117 -14.024837 1.3795999999999999 0.88191298503787174 -0.47141222599927396 0 
1 -9.9292639999999999 -14.047117999999999 1.3795999999999999 0 0 1 
1 -9.9574029999999993 -14.038582 1.3795999999999999 0.95693912965151362 -0.29028865313994567 0 
1 -9.9000000000000004 -14.050000000000001 1.3795999999999999 0 0 1 
1 -9.9292639999999999 -14.047117999999999 1.3795999999999999 0.99518556399810565 -0.098008638444640681 0 
1 -9.8707360000000008 -14.047117999999999 1.3795999999999999 0 0 1 
1 -9.9000000000000004 -14.050000000000001 1.3795999999999999 0.99518556399810565 0.098008638444640681 0 
1 -9.8425969999999996 -14.038582 1.3795999999999999 0 0 1 
1 -9.8707360000000008 -14.047117999999999 1.3795999999999999 0.95693912965151873 0.29028865313992891 0 
1 -9.8166639999999994 -14.02472 1.3795999999999999 0 0 1 
1 -9.8425969999999996 -14.038582 1.3795999999999999 0.88191387411535138 0.47141056271879644 0 
1 -9.7939340000000001 -14.006066000000001 1.3795999999999999 0 0 1 
1 -9.8166639999999994 -14.02472 1.3795999999999999 0.77301093560045819 0.63439269655482666 0 
1 -9.7752800000000004 -13.983336 1.3795999999999999 0 0 1 
1 -9.7939340000000001 -14.006066000000001 1.3795999999999999 0.63439269655479702 0.77301093560048251 0 
1 -9.7614180000000008 -13.957402999999999 1.3795999999999999 0 0 1 
1 -9.7752800000000004 -13.983336 1.3795999999999999 0.47141056271879644 0.88191387411535138 0 
1 -9.7528819999999996 -13.929264 1.3795999999999999 0 0 1 
1 -9.7614180000000008 -13.957402999999999 1.3795999999999999 0.29028865314000096 0.95693912965149674 0 
1 -9.75 -13.9 1.3795999999999999 0 0 1 
1 -9.7528819999999996 -13.929264 1.3795999999999999 0.098008638444580867 0.99518556399811164 0 
1 -9.7528819999999996 -13.870736000000001 1.3795999999999999 0 0 1 
1 -9.75 -13.9 1.3795999999999999 -0.098008638444580867 0.99518556399811164 0 
1 -9.7614180000000008 -13.842597 1.3795999999999999 0 0 1 
1 -9.7528819999999996 -13.870736000000001 1.3795999999999999 -0.2902886531399842 0.95693912965150185 0 
1 -9.7752800000000004 -13.816663999999999 1.3795999999999999 0 0 1 
1 -9.7614180000000008 -13.842597 1.3795999999999999 -0.47141056271879644 0.88191387411535138 0 
1 -9.7939340000000001 -13.793934 1.3795999999999999 0 0 1 
1 -9.7752800000000004 -13.816663999999999 1.3795999999999999 -0.63439269655482666 0.77301093560045819 0 
1 -9.8166639999999994 -13.77528 1.3795999999999999 0 0 1 
1 -9.7939340000000001 -13.793934 1.3795999999999999 -0.77301093560045819 0.63439269655482666 0 
1 -9.8276149999999998 -13.769425999999999 1.3795999999999999 0 0 1 
1 -9.8166639999999994 -13.77528 1.3795999999999999 -0.8819022286738134 0.4714323483387205 0 
1 -7.8684289999999999 -11.932688000000001 1.3795999999999999 0 0 1 
1 -9.8276149999999998 -13.769425999999999 1.3795999999999999 0.72953699511885017 0.68394135183724547 0 
1 -7.8574029999999997 -11.938582 1.3795999999999999 0 0 1 
1 -7.8684289999999999 -11.932688000000001 1.3795999999999999 0.88190529563825315 -0.47142661096421501 0 
1 -7.8292640000000002 -11.947118 1.3795999999999999 0 0 1 
1 -7.8574029999999997 -11.938582 1.3795999999999999 0.95693912965151362 -0.29028865313994567 0 
1 -7.7999999999999998 -11.949999999999999 1.3795999999999999 0 0 1 
1 -7.8292640000000002 -11.947118 1.3795999999999999 0.99518556399811187 -0.098008638444577911 0 
1 -7.7707360000000003 -11.947118 1.3795999999999999 0 0 1 
1 -7.7999999999999998 -11.949999999999999 1.3795999999999999 0.99518556399811164 0.098008638444580867 0 
1 -7.742597 -11.938582 1.3795999999999999 0 0 1 
1 -7.7707360000000003 -11.947118 1.3795999999999999 0.95693912965151617 0.29028865313993729 0 
1 -7.7166639999999997 -11.924720000000001 1.3795999999999999 0 0 1 
1 -7.742597 -11.938582 1.3795999999999999 0.88191387411535138 0.47141056271879644 0 
1 -7.6939339999999996 -11.906065999999999 1.3795999999999999 0 0 1 
1 -7.7166639999999997 -11.924720000000001 1.3795999999999999 0.77301093560044065 0.63439269655484798 0 
1 -7.6752799999999999 -11.883336 1.3795999999999999 0 0 1 
1 -7.6939339999999996 -11.906065999999999 1.3795999999999999 0.63439269655482666 0.77301093560045819 0 
1 -7.6614180000000003 -11.857403 1.3795999999999999 0 0 1 
1 -7.6752799999999999 -11.883336 1.3795999999999999 0.47141056271879644 0.88191387411535138 0 
1 -7.652882 -11.829264 1.3795999999999999 0 0 1 
1 -7.6614180000000003 -11.857403 1.3795999999999999 0.29028865313997332 0.95693912965150507 0 
1 -7.6500000000000004 -11.800000000000001 1.3795999999999999 0 0 1 
1 -7.652882 -11.829264 1.3795999999999999 0.098008638444580867 0.99518556399811164 0 
1 -7.652882 -11.770735999999999 1.3795999999999999 0 0 1 
1 -7.6500000000000004 -11.800000000000001 1.3795999999999999 -0.098008638444574969 0.9951855639981122 0 
1 -7.6614180000000003 -11.742597 1.3795999999999999 0 0 1 
1 -7.652882 -11.770735999999999 1.3795999999999999 -0.29028865313997332 0.95693912965150507 0 
1 -7.6691240000000001 -11.72818 1.3795999999999999 0 0 1 
1 -7.6614180000000003 -11.742597 1.3795999999999999 -0.47139449837604636 0.8819224608211288 0 
1 -7.5680560000000003 -11.632887 1.3795999999999999 0 0 1 
1 -7.6691240000000001 -11.72818 1.3795999999999999 0.727588276868812 0.68601406644694451 0 
1 -7.5574029999999999 -11.638582 1.3795999999999999 0 0 1 
1 -7.5680560000000003 -11.632887 1.3795999999999999 0.88189191034786252 -0.47145165018588886 0 
1 -7.5292640000000004 -11.647118000000001 1.3795999999999999 0 0 1 
1 -7.5574029999999999 -11.638582 1.3795999999999999 0.95693912965149674 -0.29028865314000096 0 
1 -7.5 -11.65 1.3795999999999999 0 0 1 
1 -7.5292640000000004 -11.647118000000001 1.3795999999999999 0.99518556399811187 -0.098008638444577911 0 
1 -7.4707359999999996 -11.647118000000001 1.3795999999999999 0 0 1 
1 -7.5 -11.65 1.3795999999999999 0.99518556399811187 0.098008638444577911 0 
1 -7.4425970000000001 -11.638582 1.3795999999999999 0 0 1 
1 -7.4707359999999996 -11.647118000000001 1.3795999999999999 0.95693912965149674 0.29028865314000096 0 
1 -7.4166639999999999 -11.62472 1.3795999999999999 0 0 1 
1 -7.4425970000000001 -11.638582 1.3795999999999999 0.88191387411535138 0.47141056271879644 0 
1 -7.3939339999999998 -11.606066 1.3795999999999999 0 0 1 
1 -7.4166639999999999 -11.62472 1.3795999999999999 0.77301093560047029 0.6343926965548119 0 
1 -7.3752800000000001 -11.583335999999999 1.3795999999999999 0 0 1 
1 -7.3939339999999998 -11.606066 1.3795999999999999 0.63439269655479702 0.77301093560048251 0 
1 -7.3614179999999996 -11.557403000000001 1.3795999999999999 0 0 1 
1 -7.3752800000000001 -11.583335999999999 1.3795999999999999 0.47141056271884496 0.88191387411532529 0 
1 -7.3528820000000001 -11.529264 1.3795999999999999 0 0 1 
1 -7.3614179999999996 -11.557403000000001 1.3795999999999999 0.29028865313992891 0.95693912965151873 0 
1 -7.3499999999999996 -11.5 1.3795999999999999 0 0 1 
1 -7.3528820000000001 -11.529264 1.3795999999999999 0.098008638444610788 0.99518556399810865 0 
1 -7.3528820000000001 -11.470736 1.3795999999999999 0 0 1 
1 -7.3499999999999996 -11.5 1.3795999999999999 -0.098008638444610788 0.99518556399810865 0 
1 -7.3614179999999996 -11.442596999999999 1.3795999999999999 0 0 1 
1 -7.3528820000000001 -11.470736 1.3795999999999999 -0.29028865313992891 0.95693912965151873 0 
1 -7.3752800000000001 -11.416664000000001 1.3795999999999999 0 0 1 
1 -7.3614179999999996 -11.442596999999999 1.3795999999999999 -0.47141056271884496 0.88191387411532529 0 
1 -7.3939339999999998 -11.393934 1.3795999999999999 0 0 1 
1 -7.3752800000000001 -11.416664000000001 1.3795999999999999 -0.63439269655479702 0.77301093560048251 0 
1 -7.4166639999999999 -11.37528 1.3795999999999999 0 0 1 
1 -7.3939339999999998 -11.393934 1.3795999999999999 -0.77301093560047029 0.6343926965548119 0 
1 -7.4425970000000001 -11.361418 1.3795999999999999 0 0 1 
1 -7.4166639999999999 -11.37528 1.3795999999999999 -0.88191387411535138 0.47141056271879644 0 
1 -7.4707359999999996 -11.352881999999999 1.3795999999999999 0 0 1 
1 -7.4425970000000001 -11.361418 1.3795999999999999 -0.95693912965149674 0.29028865314000096 0 
1 -7.5 -11.35 1.3795999999999999 0 0 1 
1 -7.4707359999999996 -11.352881999999999 1.3795999999999999 -0.99518556399811187 0.098008638444577911 0 
1 -7.5292640000000004 -11.352881999999999 1.3795999999999999 0 0 1 
1 -7.5 -11.35 1.3795999999999999 -0.99518556399811187 -0.098008638444577911 0 
1 -7.5574029999999999 -11.361418 1.3795999999999999 0 0 1 
1 -7.5292640000000004 -11.352881999999999 1.3795999999999999 -0.95693912965149674 -0.29028865314000096 0 
1 -7.5833360000000001 -11.37528 1.3795999999999999 0 0 1 
1 -7.5574029999999999 -11.361418 1.3795999999999999 -0.88191387411535138 -0.47141056271879644 0 
1 -7.6060660000000002 -11.393934 1.3795999999999999 0 0 1 
1 -7.5833360000000001 -11.37528 1.3795999999999999 -0.77301093560047029 -0.6343926965548119 0 
1 -7.6247199999999999 -11.416664000000001 1.3795999999999999 0 0 1 
1 -7.6060660000000002 -11.393934 1.3795999999999999 -0.63439269655479702 -0.77301093560048251 0 
1 -7.6385820000000004 -11.442596999999999 1.3795999999999999 0 0 1 
1 -7.6247199999999999 -11.416664000000001 1.3795999999999999 -0.47141056271884496 -0.88191387411532529 0 
1 -7.6471179999999999 -11.470736 1.3795999999999999 0 0 1 
1 -7.6385820000000004 -11.442596999999999 1.3795999999999999 -0.29028865313992891 -0.95693912965151873 0 
1 -7.6500000000000004 -11.5 1.3795999999999999 0 0 1 
1 -7.6471179999999999 -11.470736 1.3795999999999999 -0.098008638444610788 -0.99518556399810865 0 
1 -7.6471179999999999 -11.529264 1.3795999999999999 0 0 1 
1 -7.6500000000000004 -11.5 1.3795999999999999 0.098008638444610788 -0.99518556399810865 0 
1 -7.6385820000000004 -11.557403000000001 1.3795999999999999 0 0 1 
1 -7.6471179999999999 -11.529264 1.3795999999999999 0.29028865313992891 -0.95693912965151873 0 
1 -7.6369680000000004 -11.560421 1.3795999999999999 0 0 1 
1 -7.6385820000000004 -11.557403000000001 1.3795999999999999 0.47158884786417882 -0.88181855195393588 0 
1 -7.7437240000000003 -11.661076 1.3795999999999999 0 0 1 
1 -7.6369680000000004 -11.560421 1.3795999999999999 -0.72759164167709567 -0.68601049770512157 0 
1 -7.7707360000000003 -11.652882 1.3795999999999999 0 0 1 
1 -7.7437240000000003 -11.661076 1.3795999999999999 -0.95694034180999954 0.29028465721867075 0 
1 -7.7999999999999998 -11.65 1.3795999999999999 0 0 1 
1 -7.7707360000000003 -11.652882 1.3795999999999999 -0.99518556399811164 0.098008638444580867 0 
1 -7.8292640000000002 -11.652882 1.3795999999999999 0 0 1 
1 -7.7999999999999998 -11.65 1.3795999999999999 -0.99518556399811187 -0.098008638444577911 0 
1 -7.8574029999999997 -11.661417999999999 1.3795999999999999 0 0 1 
1 -7.8292640000000002 -11.652882 1.3795999999999999 -0.95693912965151362 -0.29028865313994567 0 
1 -7.8833359999999999 -11.675280000000001 1.3795999999999999 0 0 1 
1 -7.8574029999999997 -11.661417999999999 1.3795999999999999 -0.88191387411532629 -0.47141056271884341 0 
1 -7.906066 -11.693934 1.3795999999999999 0 0 1 
1 -7.8833359999999999 -11.675280000000001 1.3795999999999999 -0.77301093560047029 -0.6343926965548119 0 
1 -7.9247199999999998 -11.716664 1.3795999999999999 0 0 1 
1 -7.906066 -11.693934 1.3795999999999999 -0.63439269655482666 -0.77301093560045819 0 
1 -7.9385820000000002 -11.742597 1.3795999999999999 0 0 1 
1 -7.9247199999999998 -11.716664 1.3795999999999999 -0.47141056271881993 -0.88191387411533873 0 
1 -7.9471179999999997 -11.770735999999999 1.3795999999999999 0 0 1 
1 -7.9385820000000002 -11.742597 1.3795999999999999 -0.29028865313994567 -0.95693912965151362 0 
1 -7.9500000000000002 -11.800000000000001 1.3795999999999999 0 0 1 
1 -7.9471179999999997 -11.770735999999999 1.3795999999999999 -0.09800863844460489 -0.9951855639981092 0 
1 -7.9471179999999997 -11.829264 1.3795999999999999 0 0 1 
1 -7.9500000000000002 -11.800000000000001 1.3795999999999999 0.098008638444610788 -0.99518556399810865 0 
1 -7.9415550000000001 -11.847602999999999 1.3795999999999999 0 0 1 
1 -7.9471179999999997 -11.829264 1.3795999999999999 0.2902811015687875 -0.9569414203973049 0 
1 -10.004362 -13.792536 1.3795999999999999 0 0 1 
1 -7.9415550000000001 -11.847602999999999 1.3795999999999999 -0.7275892854624314 -0.68601299672839167 0 
1 -10.006066000000001 -13.793934 1.3795999999999999 0 0 1 
1 -10.004362 -13.792536 1.3795999999999999 -0.77310759753598024 -0.63427489516151014 0 
1 -10.006821 -13.794854000000001 1.3795999999999999 0 0 1 
1 -10.006066000000001 -13.793934 1.3795999999999999 -0.6343809893388429 -0.77302054330106307 0 
1 -10.643363000000001 -14.395023 1.3795999999999999 0 0 1 
1 -10.006821 -13.794854000000001 1.3795999999999999 -0.72758893346118581 -0.68601337006272267 0 
1 -10.73 -14.460000000000001 1.3795999999999999 0 0 1 
1 -10.643363000000001 -14.395023 1.3795999999999999 -0.80000332421635767 -0.59999556768594331 0 
1 -10.732614 -14.462395000000001 1.3795999999999999 0 0 1 
1 -10.73 -14.460000000000001 1.3795999999999999 -0.73731803555858566 -0.67554579003945248 0 
1 -10.735355 -14.464645000000001 1.3795999999999999 0 0 1 
1 -10.732614 -14.462395000000001 1.3795999999999999 -0.77293861762951488 -0.63448080615332625 0 
1 -11.035354999999999 -14.764645 1.3795999999999999 0 0 1 
1 -10.735355 -14.464645000000001 1.3795999999999999 -0.70710678118654757 -0.70710678118654757 0 
1 -11.037955 -14.767813 1.3795999999999999 0 0 1 
1 -11.035354999999999 -14.764645 1.3795999999999999 -0.63440634661262862 -0.77299973310319936 0 
1 -11.040656 -14.770896 1.3795999999999999 0 0 1 
1 -11.037955 -14.767813 1.3795999999999999 -0.65897083673711743 -0.75216848932269376 0 
1 -11.040692 -14.770956999999999 1.3795999999999999 0 0 1 
1 -11.040656 -14.770896 1.3795999999999999 -0.50825358454571967 -0.86120746269201998 0 
1 -11.040739 -14.771011 1.3795999999999999 0 0 1 
1 -11.040692 -14.770956999999999 1.3795999999999999 -0.65652447802314218 -0.75430471943137212 0 
1 -11.041105999999999 -14.771651 1.3795999999999999 0 0 1 
1 -11.040739 -14.771011 1.3795999999999999 -0.49745211944542922 -0.86749143445872157 0 
1 -11.041573 -14.772221 1.3795999999999999 0 0 1 
1 -11.041105999999999 -14.771651 1.3795999999999999 -0.63375495043355123 -0.77353387954307917 0 
1 -11.043505 -14.775836 1.3795999999999999 0 0 1 
1 -11.041573 -14.772221 1.3795999999999999 -0.47134782543510573 -0.88194740628769763 0 
1 -11.045553 -14.779386000000001 1.3795999999999999 0 0 1 
1 -11.043505 -14.775836 1.3795999999999999 -0.49970837139481294 -0.86619371018147184 0 
1 -11.045576000000001 -14.779453999999999 1.3795999999999999 0 0 1 
1 -11.045553 -14.779386000000001 1.3795999999999999 -0.32040387865440401 -0.94728103250472295 0 
1 -11.045610999999999 -14.779515999999999 1.3795999999999999 0 0 1 
1 -11.045576000000001 -14.779453999999999 1.3795999999999999 -0.49159436802542694 -0.87082430910355335 0 
1 -11.045845999999999 -14.780215 1.3795999999999999 0 0 1 
1 -11.045610999999999 -14.779515999999999 1.3795999999999999 -0.31866757737755697 -0.94786653866898296 0 
1 -11.046194 -14.780866 1.3795999999999999 0 0 1 
1 -11.045845999999999 -14.780215 1.3795999999999999 -0.47143177107092615 -0.88190253725960543 0 
1 -11.047383999999999 -14.784788000000001 1.3795999999999999 0 0 1 
1 -11.046194 -14.780866 1.3795999999999999 -0.29034596463415407 -0.95692174226561622 0 
1 -11.048698999999999 -14.788669000000001 1.3795999999999999 0 0 1 
1 -11.047383999999999 -14.784788000000001 1.3795999999999999 -0.32090943077557993 -0.94710988657034567 0 
1 -11.048709000000001 -14.788740000000001 1.3795999999999999 0 0 1 
1 -11.048698999999999 -14.788669000000001 1.3795999999999999 -0.13946852186471093 -0.99022650510318733 0 
1 -11.048731 -14.788808 1.3795999999999999 0 0 1 
1 -11.048709000000001 -14.788740000000001 1.3795999999999999 -0.307820285413339 -0.95144451855483958 0 
1 -11.048825000000001 -14.789540000000001 1.3795999999999999 0 0 1 
1 -11.048731 -14.788808 1.3795999999999999 -0.12736940286255374 -0.99185534994495872 0 
1 -11.049039 -14.790245000000001 1.3795999999999999 0 0 1 
1 -11.048825000000001 -14.789540000000001 1.3795999999999999 -0.2904594114079323 -0.95688731328435828 0 
1 -11.049111999999999 -14.790989 1.3795999999999999 0 0 1 
1 -11.049039 -14.790245000000001 1.3795999999999999 -0.097649360653072712 -0.99522088119374097 0 
1 -11.049441 -14.794324 1.3795999999999999 0 0 1 
1 -11.049111999999999 -14.790989 1.3795999999999999 -0.098174118231675572 -0.99516925319738092 0 
1 -11.049974000000001 -14.798387999999999 1.3795999999999999 0 0 1 
1 -11.049441 -14.794324 1.3795999999999999 -0.13003796873969914 -0.99150901492929111 0 
1 -11.049969000000001 -14.798458999999999 1.3795999999999999 0 0 1 
1 -11.049974000000001 -14.798387999999999 1.3795999999999999 0.070248557633499631 -0.99752951843562654 0 
1 -11.049977999999999 -14.79853 1.3795999999999999 0 0 1 
1 -11.049969000000001 -14.798458999999999 1.3795999999999999 -0.12575426473302137 -0.99206142193992053 0 
1 -11.049928 -14.799265999999999 1.3795999999999999 0 0 1 
1 -11.049977999999999 -14.79853 1.3795999999999999 0.067778559059730278 -0.99770038936134864 0 
1 -11.050000000000001 -14.800000000000001 1.3795999999999999 0 0 1 
1 -11.049928 -14.799265999999999 1.3795999999999999 -0.097624089849686582 -0.99522336039756443 0 
1 -11.050000000000001 -23 1.3795999999999999 0 0 1 
1 -11.050000000000001 -14.800000000000001 1.3795999999999999 0 -1 0 
1 -11.050000000000001 -23.689601 1.3795999999999999 0 0 1 
1 -11.050000000000001 -23 1.3795999999999999 0 -1 0 
1 -11.310468 -24.288675999999999 1.3795999999999999 0 0 1 
1 -11.050000000000001 -23.689601 1.3795999999999999 -0.39872689507196196 -0.91706971553217953 0 
1 -12.279411 -26.152028000000001 1.3795999999999999 0 0 1 
1 -11.310468 -24.288675999999999 1.3795999999999999 -0.4613527216501685 -0.88721680903034184 0 
1 -12.300000000000001 -26.149999999999999 1.3795999999999999 0 0 1 
1 -12.279411 -26.152028000000001 1.3795999999999999 -0.99518396991624491 0.098024823497636152 0 
1 -12.329264 -26.152882000000002 1.3795999999999999 0 0 1 
1 -12.300000000000001 -26.149999999999999 1.3795999999999999 -0.99518556399809976 -0.098008638444700522 0 
1 -12.357403 -26.161418000000001 1.3795999999999999 0 0 1 
1 -12.329264 -26.152882000000002 1.3795999999999999 -0.95693912965151362 -0.29028865313994567 0 
1 -12.383336 -26.175280000000001 1.3795999999999999 0 0 1 
1 -12.357403 -26.161418000000001 1.3795999999999999 -0.88191387411535138 -0.47141056271879644 0 
1 -12.406065999999999 -26.193933999999999 1.3795999999999999 0 0 1 
1 -12.383336 -26.175280000000001 1.3795999999999999 -0.77301093560048773 -0.63439269655479047 0 
1 -12.424720000000001 -26.216664000000002 1.3795999999999999 0 0 1 
1 -12.406065999999999 -26.193933999999999 1.3795999999999999 -0.63439269655480357 -0.77301093560047718 0 
1 -12.438582 -26.242597 1.3795999999999999 0 0 1 
1 -12.424720000000001 -26.216664000000002 1.3795999999999999 -0.47141056271882154 -0.88191387411533784 0 
1 -12.447118 -26.270735999999999 1.3795999999999999 0 0 1 
1 -12.438582 -26.242597 1.3795999999999999 -0.29028865313994567 -0.95693912965151362 0 
1 -12.449999999999999 -26.300000000000001 1.3795999999999999 0 0 1 
1 -12.447118 -26.270735999999999 1.3795999999999999 -0.098008638444574969 -0.9951855639981122 0 
1 -12.447118 -26.329263999999998 1.3795999999999999 0 0 1 
1 -12.449999999999999 -26.300000000000001 1.3795999999999999 0.098008638444586751 -0.99518556399811098 0 
1 -12.438582 -26.357403000000001 1.3795999999999999 0 0 1 
1 -12.447118 -26.329263999999998 1.3795999999999999 0.29028865313991209 -0.95693912965152372 0 
1 -12.424720000000001 -26.383336 1.3795999999999999 0 0 1 
1 -12.438582 -26.357403000000001 1.3795999999999999 0.47141056271882154 -0.88191387411533784 0 
1 -12.406065999999999 -26.406065999999999 1.3795999999999999 0 0 1 
1 -12.424720000000001 -26.383336 1.3795999999999999 0.63439269655486263 -0.77301093560042844 0 
1 -12.383336 -26.424720000000001 1.3795999999999999 0 0 1 
1 -12.406065999999999 -26.406065999999999 1.3795999999999999 0.77301093560042844 -0.63439269655486263 0 
1 -12.357403 -26.438582 1.3795999999999999 0 0 1 
1 -12.383336 -26.424720000000001 1.3795999999999999 0.88191387411535138 -0.47141056271879644 0 
1 -12.329264 -26.447118 1.3795999999999999 0 0 1 
1 -12.357403 -26.438582 1.3795999999999999 0.95693912965151362 -0.29028865313994567 0 
1 -12.300000000000001 -26.449999999999999 1.3795999999999999 0 0 1 
1 -12.329264 -26.447118 1.3795999999999999 0.99518556399811164 -0.098008638444580867 0 
1 -12.270735999999999 -26.447118 1.3795999999999999 0 0 1 
1 -12.300000000000001 -26.449999999999999 1.3795999999999999 0.9951855639981122 0.098008638444574969 0 
1 -12.242597 -26.438582 1.3795999999999999 0 0 1 
1 -12.270735999999999 -26.447118 1.3795999999999999 0.95693912965151362 0.29028865313994567 0 
1 -12.216664 -26.424720000000001 1.3795999999999999 0 0 1 
1 -12.242597 -26.438582 1.3795999999999999 0.88191387411535138 0.47141056271879644 0 
1 -12.193934 -26.406065999999999 1.3795999999999999 0 0 1 
1 -12.216664 -26.424720000000001 1.3795999999999999 0.77301093560042844 0.63439269655486263 0 
1 -12.175280000000001 -26.383336 1.3795999999999999 0 0 1 
1 -12.193934 -26.406065999999999 1.3795999999999999 0.63439269655482666 0.77301093560045819 0 
1 -12.161417999999999 -26.357403000000001 1.3795999999999999 0 0 1 
1 -12.175280000000001 -26.383336 1.3795999999999999 0.4714105627188685 0.88191387411531275 0 
1 -12.152882 -26.329263999999998 1.3795999999999999 0 0 1 
1 -12.161417999999999 -26.357403000000001 1.3795999999999999 0.29028865313991209 0.95693912965152372 0 
1 -12.15 -26.300000000000001 1.3795999999999999 0 0 1 
1 -12.152882 -26.329263999999998 1.3795999999999999 0.098008638444586751 0.99518556399811098 0 
1 -12.152882 -26.270735999999999 1.3795999999999999 0 0 1 
1 -12.15 -26.300000000000001 1.3795999999999999 -0.098008638444574969 0.9951855639981122 0 
1 -12.161417999999999 -26.242597 1.3795999999999999 0 0 1 
1 -12.152882 -26.270735999999999 1.3795999999999999 -0.29028865313994567 0.95693912965151362 0 
1 -12.175280000000001 -26.216664000000002 1.3795999999999999 0 0 1 
1 -12.161417999999999 -26.242597 1.3795999999999999 -0.4714105627188685 0.88191387411531275 0 
1 -12.190600999999999 -26.197994999999999 1.3795999999999999 0 0 1 
1 -12.175280000000001 -26.216664000000002 1.3795999999999999 -0.63438704055374251 0.77301557731876536 0 
1 -12.127893 -26.077400999999998 1.3795999999999999 0 0 1 
1 -12.190600999999999 -26.197994999999999 1.3795999999999999 0.4613476404217251 0.88721945125053836 0 
1 -12.12472 -26.083335999999999 1.3795999999999999 0 0 1 
1 -12.127893 -26.077400999999998 1.3795999999999999 0.47147490800686015 -0.88187947652721954 0 
1 -12.106066 -26.106065999999998 1.3795999999999999 0 0 1 
1 -12.12472 -26.083335999999999 1.3795999999999999 0.63439269655482666 -0.77301093560045819 0 
1 -12.083335999999999 -26.12472 1.3795999999999999 0 0 1 
1 -12.106066 -26.106065999999998 1.3795999999999999 0.77301093560045286 -0.6343926965548331 0 
1 -12.057403000000001 -26.138582 1.3795999999999999 0 0 1 
1 -12.083335999999999 -26.12472 1.3795999999999999 0.88191387411533784 -0.47141056271882154 0 
1 -12.029264 -26.147117999999999 1.3795999999999999 0 0 1 
1 -12.057403000000001 -26.138582 1.3795999999999999 0.95693912965151873 -0.29028865313992891 0 
1 -12 -26.149999999999999 1.3795999999999999 0 0 1 
1 -12.029264 -26.147117999999999 1.3795999999999999 0.99518556399811164 -0.098008638444580867 0 
1 -11.970736 -26.147117999999999 1.3795999999999999 0 0 1 
1 -12 -26.149999999999999 1.3795999999999999 0.99518556399811164 0.098008638444580867 0 
1 -11.942596999999999 -26.138582 1.3795999999999999 0 0 1 
1 -11.970736 -26.147117999999999 1.3795999999999999 0.95693912965151873 0.29028865313992891 0 
1 -11.916664000000001 -26.12472 1.3795999999999999 0 0 1 
1 -11.942596999999999 -26.138582 1.3795999999999999 0.88191387411533784 0.47141056271882154 0 
1 -11.893934 -26.106065999999998 1.3795999999999999 0 0 1 
1 -11.916664000000001 -26.12472 1.3795999999999999 0.77301093560045286 0.6343926965548331 0 
1 -11.87528 -26.083335999999999 1.3795999999999999 0 0 1 
1 -11.893934 -26.106065999999998 1.3795999999999999 0.63439269655482666 0.77301093560045819 0 
1 -11.861418 -26.057403000000001 1.3795999999999999 0 0 1 
1 -11.87528 -26.083335999999999 1.3795999999999999 0.47141056271882154 0.88191387411533784 0 
1 -11.852881999999999 -26.029264000000001 1.3795999999999999 0 0 1 
1 -11.861418 -26.057403000000001 1.3795999999999999 0.29028865314000096 0.95693912965149674 0 
1 -11.85 -26 1.3795999999999999 0 0 1 
1 -11.852881999999999 -26.029264000000001 1.3795999999999999 0.098008638444574969 0.9951855639981122 0 
1 -11.852881999999999 -25.970735999999999 1.3795999999999999 0 0 1 
1 -11.85 -26 1.3795999999999999 -0.098008638444574969 0.9951855639981122 0 
1 -11.861418 -25.942596999999999 1.3795999999999999 0 0 1 
1 -11.852881999999999 -25.970735999999999 1.3795999999999999 -0.29028865314000096 0.95693912965149674 0 
1 -11.87528 -25.916664000000001 1.3795999999999999 0 0 1 
1 -11.861418 -25.942596999999999 1.3795999999999999 -0.47141056271882154 0.88191387411533784 0 
1 -11.893934 -25.893934000000002 1.3795999999999999 0 0 1 
1 -11.87528 -25.916664000000001 1.3795999999999999 -0.63439269655482666 0.77301093560045819 0 
1 -11.897935 -25.890650000000001 1.3795999999999999 0 0 1 
1 -11.893934 -25.893934000000002 1.3795999999999999 -0.77296647691619069 0.63444686583178267 0 
1 -11.220145 -24.331731999999999 1.3795999999999999 0 0 1 
1 -11.897935 -25.890650000000001 1.3795999999999999 0.39872589630648103 0.91707014977840884 0 
1 -10.955639 -23.823067999999999 1.3795999999999999 0 0 1 
1 -11.220145 -24.331731999999999 1.3795999999999999 0.46135372517320949 0.88721628719766099 0 
1 -10.954829999999999 -23.821051000000001 1.3795999999999999 0 0 1 
1 -10.955639 -23.823067999999999 1.3795999999999999 0.37226321494649089 0.92812719968639146 0 
1 -10.953806 -23.819133999999998 1.3795999999999999 0 0 1 
1 -10.954829999999999 -23.821051000000001 1.3795999999999999 0.47116129394254086 0.88204707079066402 0 
1 -10.953011 -23.816513 1.3795999999999999 0 0 1 
1 -10.953806 -23.819133999999998 1.3795999999999999 0.29026071897757849 0.95694760306853754 0 
1 -10.951991 -23.813970000000001 1.3795999999999999 0 0 1 
1 -10.953011 -23.816513 1.3795999999999999 0.37227147615875616 0.92812388614806196 0 
1 -10.951592 -23.811834000000001 1.3795999999999999 0 0 1 
1 -10.951991 -23.813970000000001 1.3795999999999999 0.1836216301368136 0.98299699742466129 0 
1 -10.950961 -23.809754999999999 1.3795999999999999 0 0 1 
1 -10.951592 -23.811834000000001 1.3795999999999999 0.29042892436820977 0.95689656697593206 0 
1 -10.950692 -23.807027999999999 1.3795999999999999 0 0 1 
1 -10.950961 -23.809754999999999 1.3795999999999999 0.098166749049614269 0.99516998014461333 0 
1 -10.950188000000001 -23.804335999999999 1.3795999999999999 0 0 1 
1 -10.950692 -23.807027999999999 1.3795999999999999 0.18402398356450592 0.98292175348450317 0 
1 -10.950213 -23.802163 1.3795999999999999 0 0 1 
1 -10.950188000000001 -23.804335999999999 1.3795999999999999 -0.011504070708141205 0.99993382598907121 0 
1 -10.949999999999999 -23.800000000000001 1.3795999999999999 0 0 1 
1 -10.950213 -23.802163 1.3795999999999999 0.098000323415444027 0.99518638285020178 0 
1 -10.949999999999999 -23.699999999999999 1.3795999999999999 0 0 1 
1 -10.949999999999999 -23.800000000000001 1.3795999999999999 0 1 0 
1 -10.949999999999999 -23.600000000000001 1.3795999999999999 0 0 1 
1 -10.949999999999999 -23.699999999999999 1.3795999999999999 0 1 0 
1 -10.947118 -23.629263999999999 1.3795999999999999 0 0 1 
1 -10.949999999999999 -23.600000000000001 1.3795999999999999 0.098008638444586751 -0.99518556399811098 0 
1 -10.938582 -23.657402999999999 1.3795999999999999 0 0 1 
1 -10.947118 -23.629263999999999 1.3795999999999999 0.29028865313994567 -0.95693912965151362 0 
1 -10.924720000000001 -23.683336000000001 1.3795999999999999 0 0 1 
1 -10.938582 -23.657402999999999 1.3795999999999999 0.4714105627187713 -0.8819138741153647 0 
1 -10.906065999999999 -23.706066 1.3795999999999999 0 0 1 
1 -10.924720000000001 -23.683336000000001 1.3795999999999999 0.63439269655486263 -0.77301093560042844 0 
1 -10.883336 -23.724720000000001 1.3795999999999999 0 0 1 
1 -10.906065999999999 -23.706066 1.3795999999999999 0.77301093560042844 -0.63439269655486263 0 
1 -10.857403 -23.738582000000001 1.3795999999999999 0 0 1 
1 -10.883336 -23.724720000000001 1.3795999999999999 0.88191387411535138 -0.47141056271879644 0 
1 -10.829264 -23.747118 1.3795999999999999 0 0 1 
1 -10.857403 -23.738582000000001 1.3795999999999999 0.95693912965151362 -0.29028865313994567 0 
1 -10.800000000000001 -23.75 1.3795999999999999 0 0 1 
1 -10.829264 -23.747118 1.3795999999999999 0.99518556399811164 -0.098008638444580867 0 
1 -10.800000000000001 -23.75 1.3795999999999999 0.9951855639981122 0.098008638444574969 0 
1 -10.947118 -23.570736 1.3795999999999999 0 0 1 
1 -10.938582 -23.542597000000001 1.3795999999999999 0 0 1 
1 -10.947118 -23.570736 1.3795999999999999 0.29028865313994567 0.95693912965151362 0 
1 -10.924720000000001 -23.516663999999999 1.3795999999999999 0 0 1 
1 -10.938582 -23.542597000000001 1.3795999999999999 0.4714105627187713 0.8819138741153647 0 
1 -10.906065999999999 -23.493933999999999 1.3795999999999999 0 0 1 
1 -10.924720000000001 -23.516663999999999 1.3795999999999999 0.63439269655486263 0.77301093560042844 0 
1 -10.891928 -23.482330999999999 1.3795999999999999 0 0 1 
1 -10.906065999999999 -23.493933999999999 1.3795999999999999 0.77300393103466525 0.63440123156008665 0 
1 -10.949999999999999 -23.308114 1.3795999999999999 0 0 1 
1 -10.891928 -23.482330999999999 1.3795999999999999 -0.31622613239190611 0.94868384259059502 0 
1 -10.949999999999999 -23.600000000000001 1.3795999999999999 0 0 1 
1 -10.949999999999999 -23.308114 1.3795999999999999 0 -1 0 
1 -10.949999999999999 -23.600000000000001 1.3795999999999999 0.098008638444574969 0.9951855639981122 0 
1 -11.885529 -25.611317 1.3795999999999999 0 0 1 
1 -12.010165000000001 -25.851001 1.3795999999999999 0 0 1 
1 -11.885529 -25.611317 1.3795999999999999 -0.46135366903680791 -0.88721631638866705 0 
1 -12 -25.850000000000001 1.3795999999999999 0 0 1 
1 -12.010165000000001 -25.851001 1.3795999999999999 0.99518630339057568 0.098001130318997209 0 
1 -11.989743000000001 -25.851009999999999 1.3795999999999999 0 0 1 
1 -12 -25.850000000000001 1.3795999999999999 0.99518686844250093 -0.09799539213457141 0 
1 -11.989743000000001 -25.851009999999999 1.3795999999999999 0.39872499219645541 0.91707054286894241 0 
1 -12.285368 -26.373559 1.3795999999999999 0 0 1 
1 -12.271299000000001 -26.369291 1.3795999999999999 0 0 1 
1 -12.285368 -26.373559 1.3795999999999999 0.95693626377828511 0.29029810034868686 0 
1 -12.258331999999999 -26.362359999999999 1.3795999999999999 0 0 1 
1 -12.271299000000001 -26.369291 1.3795999999999999 0.88192143116881017 0.47139642472674498 0 
1 -12.246967 -26.353033 1.3795999999999999 0 0 1 
1 -12.258331999999999 -26.362359999999999 1.3795999999999999 0.77301093560048773 0.63439269655479047 0 
1 -12.237640000000001 -26.341667999999999 1.3795999999999999 0 0 1 
1 -12.246967 -26.353033 1.3795999999999999 0.63439269655473129 0.77301093560053635 0 
1 -12.230708999999999 -26.328700999999999 1.3795999999999999 0 0 1 
1 -12.237640000000001 -26.341667999999999 1.3795999999999999 0.47139642472679522 0.8819214311687833 0 
1 -12.226440999999999 -26.314632 1.3795999999999999 0 0 1 
1 -12.230708999999999 -26.328700999999999 1.3795999999999999 0.29029810034868686 0.95693626377828511 0 
1 -12.225 -26.300000000000001 1.3795999999999999 0 0 1 
1 -12.226440999999999 -26.314632 1.3795999999999999 0.098008638444586751 0.99518556399811098 0 
1 -12.226440999999999 -26.285367999999998 1.3795999999999999 0 0 1 
1 -12.225 -26.300000000000001 1.3795999999999999 -0.098008638444563187 0.99518556399811331 0 
1 -12.230708999999999 -26.271298999999999 1.3795999999999999 0 0 1 
1 -12.226440999999999 -26.285367999999998 1.3795999999999999 -0.29029810034868686 0.95693626377828511 0 
1 -12.237640000000001 -26.258331999999999 1.3795999999999999 0 0 1 
1 -12.230708999999999 -26.271298999999999 1.3795999999999999 -0.47139642472679522 0.8819214311687833 0 
1 -12.246967 -26.246967000000001 1.3795999999999999 0 0 1 
1 -12.237640000000001 -26.258331999999999 1.3795999999999999 -0.63439269655484976 0.7730109356004391 0 
1 -12.258331999999999 -26.237639999999999 1.3795999999999999 0 0 1 
1 -12.246967 -26.246967000000001 1.3795999999999999 -0.77301093560036926 0.63439269655493491 0 
1 -12.271299000000001 -26.230709000000001 1.3795999999999999 0 0 1 
1 -12.258331999999999 -26.237639999999999 1.3795999999999999 -0.88192143116891064 0.47139642472655707 0 
1 -12.285368 -26.226441000000001 1.3795999999999999 0 0 1 
1 -12.271299000000001 -26.230709000000001 1.3795999999999999 -0.95693626377828511 0.29029810034868686 0 
1 -12.300000000000001 -26.225000000000001 1.3795999999999999 0 0 1 
1 -12.285368 -26.226441000000001 1.3795999999999999 -0.9951855639981122 0.098008638444574969 0 
1 -12.314632 -26.226441000000001 1.3795999999999999 0 0 1 
1 -12.300000000000001 -26.225000000000001 1.3795999999999999 -0.99518556399811098 -0.098008638444586751 0 
1 -12.328701000000001 -26.230709000000001 1.3795999999999999 0 0 1 
1 -12.314632 -26.226441000000001 1.3795999999999999 -0.95693626377829533 -0.29029810034865333 0 
1 -12.341668 -26.237639999999999 1.3795999999999999 0 0 1 
1 -12.328701000000001 -26.230709000000001 1.3795999999999999 -0.88192143116888366 -0.47139642472660725 0 
1 -12.353033 -26.246967000000001 1.3795999999999999 0 0 1 
1 -12.341668 -26.237639999999999 1.3795999999999999 -0.77301093560036926 -0.63439269655493491 0 
1 -12.362360000000001 -26.258331999999999 1.3795999999999999 0 0 1 
1 -12.353033 -26.246967000000001 1.3795999999999999 -0.63439269655492192 -0.77301093560037981 0 
1 -12.369291 -26.271298999999999 1.3795999999999999 0 0 1 
1 -12.362360000000001 -26.258331999999999 1.3795999999999999 -0.47139642472670124 -0.88192143116883348 0 
1 -12.373559 -26.285367999999998 1.3795999999999999 0 0 1 
1 -12.369291 -26.271298999999999 1.3795999999999999 -0.29029810034868686 -0.95693626377828511 0 
1 -12.375 -26.300000000000001 1.3795999999999999 0 0 1 
1 -12.373559 -26.285367999999998 1.3795999999999999 -0.098008638444563187 -0.99518556399811331 0 
1 -12.373559 -26.314632 1.3795999999999999 0 0 1 
1 -12.375 -26.300000000000001 1.3795999999999999 0.098008638444586751 -0.99518556399811098 0 
1 -12.369291 -26.328700999999999 1.3795999999999999 0 0 1 
1 -12.373559 -26.314632 1.3795999999999999 0.29029810034868686 -0.95693626377828511 0 
1 -12.362360000000001 -26.341667999999999 1.3795999999999999 0 0 1 
1 -12.369291 -26.328700999999999 1.3795999999999999 0.47139642472670124 -0.88192143116883348 0 
1 -12.353033 -26.353033 1.3795999999999999 0 0 1 
1 -12.362360000000001 -26.341667999999999 1.3795999999999999 0.63439269655480357 -0.77301093560047718 0 
1 -12.341668 -26.362359999999999 1.3795999999999999 0 0 1 
1 -12.353033 -26.353033 1.3795999999999999 0.77301093560048773 -0.63439269655479047 0 
1 -12.328701000000001 -26.369291 1.3795999999999999 0 0 1 
1 -12.341668 -26.362359999999999 1.3795999999999999 0.8819214311687833 -0.47139642472679522 0 
1 -12.314632 -26.373559 1.3795999999999999 0 0 1 
1 -12.328701000000001 -26.369291 1.3795999999999999 0.95693626377829533 -0.29029810034865333 0 
1 -12.300000000000001 -26.375 1.3795999999999999 0 0 1 
1 -12.314632 -26.373559 1.3795999999999999 0.99518556399811098 -0.098008638444586751 0 
1 -12.300000000000001 -26.375 1.3795999999999999 0.9951855639981122 0.098008638444574969 0 
1 -11.971299 -26.069291 1.3795999999999999 0 0 1 
1 -11.958332 -26.062360000000002 1.3795999999999999 0 0 1 
1 -11.971299 -26.069291 1.3795999999999999 0.88192143116888366 0.47139642472660725 0 
1 -11.946967000000001 -26.053032999999999 1.3795999999999999 0 0 1 
1 -11.958332 -26.062360000000002 1.3795999999999999 0.77301093560036926 0.63439269655493491 0 
1 -11.93764 -26.041668000000001 1.3795999999999999 0 0 1 
1 -11.946967000000001 -26.053032999999999 1.3795999999999999 0.63439269655492192 0.77301093560037981 0 
1 -11.930709 -26.028701000000002 1.3795999999999999 0 0 1 
1 -11.93764 -26.041668000000001 1.3795999999999999 0.47139642472670124 0.88192143116883348 0 
1 -11.926441000000001 -26.014631999999999 1.3795999999999999 0 0 1 
1 -11.930709 -26.028701000000002 1.3795999999999999 0.29029810034861975 0.95693626377830543 0 
1 -11.925000000000001 -26 1.3795999999999999 0 0 1 
1 -11.926441000000001 -26.014631999999999 1.3795999999999999 0.098008638444586751 0.99518556399811098 0 
1 -11.926441000000001 -25.985368000000001 1.3795999999999999 0 0 1 
1 -11.925000000000001 -26 1.3795999999999999 -0.098008638444586751 0.99518556399811098 0 
1 -11.930709 -25.971298999999998 1.3795999999999999 0 0 1 
1 -11.926441000000001 -25.985368000000001 1.3795999999999999 -0.29029810034861975 0.95693626377830543 0 
1 -11.93764 -25.958331999999999 1.3795999999999999 0 0 1 
1 -11.930709 -25.971298999999998 1.3795999999999999 -0.47139642472670124 0.88192143116883348 0 
1 -11.946967000000001 -25.946967000000001 1.3795999999999999 0 0 1 
1 -11.93764 -25.958331999999999 1.3795999999999999 -0.63439269655492192 0.77301093560037981 0 
1 -11.958332 -25.937639999999998 1.3795999999999999 0 0 1 
1 -11.946967000000001 -25.946967000000001 1.3795999999999999 -0.77301093560036926 0.63439269655493491 0 
1 -11.971299 -25.930709 1.3795999999999999 0 0 1 
1 -11.958332 -25.937639999999998 1.3795999999999999 -0.88192143116888366 0.47139642472660725 0 
1 -11.985367999999999 -25.926441000000001 1.3795999999999999 0 0 1 
1 -11.971299 -25.930709 1.3795999999999999 -0.95693626377828511 0.29029810034868686 0 
1 -12 -25.925000000000001 1.3795999999999999 0 0 1 
1 -11.985367999999999 -25.926441000000001 1.3795999999999999 -0.9951855639981122 0.098008638444574969 0 
1 -12.014632000000001 -25.926441000000001 1.3795999999999999 0 0 1 
1 -12 -25.925000000000001 1.3795999999999999 -0.9951855639981122 -0.098008638444574969 0 
1 -12.028701 -25.930709 1.3795999999999999 0 0 1 
1 -12.014632000000001 -25.926441000000001 1.3795999999999999 -0.95693626377828511 -0.29029810034868686 0 
1 -12.041668 -25.937639999999998 1.3795999999999999 0 0 1 
1 -12.028701 -25.930709 1.3795999999999999 -0.88192143116888366 -0.47139642472660725 0 
1 -12.053032999999999 -25.946967000000001 1.3795999999999999 0 0 1 
1 -12.041668 -25.937639999999998 1.3795999999999999 -0.77301093560036926 -0.63439269655493491 0 
1 -12.06236 -25.958331999999999 1.3795999999999999 0 0 1 
1 -12.053032999999999 -25.946967000000001 1.3795999999999999 -0.63439269655492192 -0.77301093560037981 0 
1 -12.069291 -25.971298999999998 1.3795999999999999 0 0 1 
1 -12.06236 -25.958331999999999 1.3795999999999999 -0.47139642472670124 -0.88192143116883348 0 
1 -12.073558999999999 -25.985368000000001 1.3795999999999999 0 0 1 
1 -12.069291 -25.971298999999998 1.3795999999999999 -0.29029810034861975 -0.95693626377830543 0 
1 -12.074999999999999 -26 1.3795999999999999 0 0 1 
1 -12.073558999999999 -25.985368000000001 1.3795999999999999 -0.098008638444586751 -0.99518556399811098 0 
1 -12.073558999999999 -26.014631999999999 1.3795999999999999 0 0 1 
1 -12.074999999999999 -26 1.3795999999999999 0.098008638444586751 -0.99518556399811098 0 
1 -12.069291 -26.028701000000002 1.3795999999999999 0 0 1 
1 -12.073558999999999 -26.014631999999999 1.3795999999999999 0.29029810034861975 -0.95693626377830543 0 
1 -12.06236 -26.041668000000001 1.3795999999999999 0 0 1 
1 -12.069291 -26.028701000000002 1.3795999999999999 0.47139642472670124 -0.88192143116883348 0 
1 -12.053032999999999 -26.053032999999999 1.3795999999999999 0 0 1 
1 -12.06236 -26.041668000000001 1.3795999999999999 0.63439269655492192 -0.77301093560037981 0 
1 -12.041668 -26.062360000000002 1.3795999999999999 0 0 1 
1 -12.053032999999999 -26.053032999999999 1.3795999999999999 0.77301093560036926 -0.63439269655493491 0 
1 -12.028701 -26.069291 1.3795999999999999 0 0 1 
1 -12.041668 -26.062360000000002 1.3795999999999999 0.88192143116888366 -0.47139642472660725 0 
1 -12.014632000000001 -26.073558999999999 1.3795999999999999 0 0 1 
1 -12.028701 -26.069291 1.3795999999999999 0.95693626377828511 -0.29029810034868686 0 
1 -12 -26.074999999999999 1.3795999999999999 0 0 1 
1 -12.014632000000001 -26.073558999999999 1.3795999999999999 0.9951855639981122 -0.098008638444574969 0 
1 -11.985367999999999 -26.073558999999999 1.3795999999999999 0 0 1 
1 -12 -26.074999999999999 1.3795999999999999 0.9951855639981122 0.098008638444574969 0 
1 -11.985367999999999 -26.073558999999999 1.3795999999999999 0.95693626377828511 0.29029810034868686 0 
1 -10.785368 -23.673559000000001 1.3795999999999999 0 0 1 
1 -10.771299000000001 -23.669291000000001 1.3795999999999999 0 0 1 
1 -10.785368 -23.673559000000001 1.3795999999999999 0.95693626377828511 0.29029810034868686 0 
1 -10.758331999999999 -23.66236 1.3795999999999999 0 0 1 
1 -10.771299000000001 -23.669291000000001 1.3795999999999999 0.88192143116881017 0.47139642472674498 0 
1 -10.746967 -23.653033000000001 1.3795999999999999 0 0 1 
1 -10.758331999999999 -23.66236 1.3795999999999999 0.77301093560048773 0.63439269655479047 0 
1 -10.737640000000001 -23.641667999999999 1.3795999999999999 0 0 1 
1 -10.746967 -23.653033000000001 1.3795999999999999 0.63439269655473129 0.77301093560053635 0 
1 -10.730708999999999 -23.628701 1.3795999999999999 0 0 1 
1 -10.737640000000001 -23.641667999999999 1.3795999999999999 0.47139642472679522 0.8819214311687833 0 
1 -10.726440999999999 -23.614632 1.3795999999999999 0 0 1 
1 -10.730708999999999 -23.628701 1.3795999999999999 0.29029810034868686 0.95693626377828511 0 
1 -10.725 -23.600000000000001 1.3795999999999999 0 0 1 
1 -10.726440999999999 -23.614632 1.3795999999999999 0.098008638444586751 0.99518556399811098 0 
1 -10.726440999999999 -23.585367999999999 1.3795999999999999 0 0 1 
1 -10.725 -23.600000000000001 1.3795999999999999 -0.098008638444563187 0.99518556399811331 0 
1 -10.730708999999999 -23.571299 1.3795999999999999 0 0 1 
1 -10.726440999999999 -23.585367999999999 1.3795999999999999 -0.29029810034868686 0.95693626377828511 0 
1 -10.737640000000001 -23.558332 1.3795999999999999 0 0 1 
1 -10.730708999999999 -23.571299 1.3795999999999999 -0.47139642472679522 0.8819214311687833 0 
1 -10.746967 -23.546966999999999 1.3795999999999999 0 0 1 
1 -10.737640000000001 -23.558332 1.3795999999999999 -0.63439269655473129 0.77301093560053635 0 
1 -10.758331999999999 -23.53764 1.3795999999999999 0 0 1 
1 -10.746967 -23.546966999999999 1.3795999999999999 -0.77301093560048773 0.63439269655479047 0 
1 -10.771299000000001 -23.530709000000002 1.3795999999999999 0 0 1 
1 -10.758331999999999 -23.53764 1.3795999999999999 -0.88192143116891064 0.47139642472655707 0 
1 -10.785368 -23.526440999999998 1.3795999999999999 0 0 1 
1 -10.771299000000001 -23.530709000000002 1.3795999999999999 -0.95693626377821805 0.29029810034890818 0 
1 -10.800000000000001 -23.524999999999999 1.3795999999999999 0 0 1 
1 -10.785368 -23.526440999999998 1.3795999999999999 -0.9951855639981122 0.098008638444574969 0 
1 -10.814632 -23.526440999999998 1.3795999999999999 0 0 1 
1 -10.800000000000001 -23.524999999999999 1.3795999999999999 -0.99518556399811098 -0.098008638444586751 0 
1 -10.828701000000001 -23.530709000000002 1.3795999999999999 0 0 1 
1 -10.814632 -23.526440999999998 1.3795999999999999 -0.95693626377822827 -0.2902981003488746 0 
1 -10.841668 -23.53764 1.3795999999999999 0 0 1 
1 -10.828701000000001 -23.530709000000002 1.3795999999999999 -0.88192143116888366 -0.47139642472660725 0 
1 -10.853033 -23.546966999999999 1.3795999999999999 0 0 1 
1 -10.841668 -23.53764 1.3795999999999999 -0.77301093560048773 -0.63439269655479047 0 
1 -10.862360000000001 -23.558332 1.3795999999999999 0 0 1 
1 -10.853033 -23.546966999999999 1.3795999999999999 -0.63439269655480357 -0.77301093560047718 0 
1 -10.869291 -23.571299 1.3795999999999999 0 0 1 
1 -10.862360000000001 -23.558332 1.3795999999999999 -0.47139642472670124 -0.88192143116883348 0 
1 -10.873559 -23.585367999999999 1.3795999999999999 0 0 1 
1 -10.869291 -23.571299 1.3795999999999999 -0.29029810034868686 -0.95693626377828511 0 
1 -10.875 -23.600000000000001 1.3795999999999999 0 0 1 
1 -10.873559 -23.585367999999999 1.3795999999999999 -0.098008638444563187 -0.99518556399811331 0 
1 -10.873559 -23.614632 1.3795999999999999 0 0 1 
1 -10.875 -23.600000000000001 1.3795999999999999 0.098008638444586751 -0.99518556399811098 0 
1 -10.869291 -23.628701 1.3795999999999999 0 0 1 
1 -10.873559 -23.614632 1.3795999999999999 0.29029810034868686 -0.95693626377828511 0 
1 -10.862360000000001 -23.641667999999999 1.3795999999999999 0 0 1 
1 -10.869291 -23.628701 1.3795999999999999 0.47139642472670124 -0.88192143116883348 0 
1 -10.853033 -23.653033000000001 1.3795999999999999 0 0 1 
1 -10.862360000000001 -23.641667999999999 1.3795999999999999 0.63439269655480357 -0.77301093560047718 0 
1 -10.841668 -23.66236 1.3795999999999999 0 0 1 
1 -10.853033 -23.653033000000001 1.3795999999999999 0.77301093560048773 -0.63439269655479047 0 
1 -10.828701000000001 -23.669291000000001 1.3795999999999999 0 0 1 
1 -10.841668 -23.66236 1.3795999999999999 0.8819214311687833 -0.47139642472679522 0 
1 -10.814632 -23.673559000000001 1.3795999999999999 0 0 1 
1 -10.828701000000001 -23.669291000000001 1.3795999999999999 0.95693626377829533 -0.29029810034865333 0 
1 -10.800000000000001 -23.675000000000001 1.3795999999999999 0 0 1 
1 -10.814632 -23.673559000000001 1.3795999999999999 0.99518556399811098 -0.098008638444586751 0 
1 -10.800000000000001 -23.675000000000001 1.3795999999999999 0.9951855639981122 0.098008638444574969 0 
1 -9.8853679999999997 -13.973559 1.3795999999999999 0 0 1 
1 -9.8712990000000005 -13.969291 1.3795999999999999 0 0 1 
1 -9.8853679999999997 -13.973559 1.3795999999999999 0.95693626377828511 0.29029810034868686 0 
1 -9.8583320000000008 -13.96236 1.3795999999999999 0 0 1 
1 -9.8712990000000005 -13.969291 1.3795999999999999 0.88192143116883348 0.47139642472670124 0 
1 -9.8469669999999994 -13.953033 1.3795999999999999 0 0 1 
1 -9.8583320000000008 -13.96236 1.3795999999999999 0.77301093560047718 0.63439269655480357 0 
1 -9.8376400000000004 -13.941668 1.3795999999999999 0 0 1 
1 -9.8469669999999994 -13.953033 1.3795999999999999 0.63439269655479047 0.77301093560048773 0 
1 -9.8307090000000006 -13.928701 1.3795999999999999 0 0 1 
1 -9.8376400000000004 -13.941668 1.3795999999999999 0.47139642472670124 0.88192143116883348 0 
1 -9.8264410000000009 -13.914631999999999 1.3795999999999999 0 0 1 
1 -9.8307090000000006 -13.928701 1.3795999999999999 0.29029810034865333 0.95693626377829533 0 
1 -9.8249999999999993 -13.9 1.3795999999999999 0 0 1 
1 -9.8264410000000009 -13.914631999999999 1.3795999999999999 0.09800863844470642 0.99518556399809921 0 
1 -9.8264410000000009 -13.885368 1.3795999999999999 0 0 1 
1 -9.8249999999999993 -13.9 1.3795999999999999 -0.098008638444694623 0.99518556399810043 0 
1 -9.8307090000000006 -13.871299 1.3795999999999999 0 0 1 
1 -9.8264410000000009 -13.885368 1.3795999999999999 -0.29029810034868686 0.95693626377828511 0 
1 -9.8376400000000004 -13.858332000000001 1.3795999999999999 0 0 1 
1 -9.8307090000000006 -13.871299 1.3795999999999999 -0.47139642472670124 0.88192143116883348 0 
1 -9.8469669999999994 -13.846966999999999 1.3795999999999999 0 0 1 
1 -9.8376400000000004 -13.858332000000001 1.3795999999999999 -0.63439269655473129 0.77301093560053635 0 
1 -9.8583320000000008 -13.83764 1.3795999999999999 0 0 1 
1 -9.8469669999999994 -13.846966999999999 1.3795999999999999 -0.77301093560053635 0.63439269655473129 0 
1 -9.8712990000000005 -13.830709000000001 1.3795999999999999 0 0 1 
1 -9.8583320000000008 -13.83764 1.3795999999999999 -0.88192143116883348 0.47139642472670124 0 
1 -9.8853679999999997 -13.826441000000001 1.3795999999999999 0 0 1 
1 -9.8712990000000005 -13.830709000000001 1.3795999999999999 -0.95693626377828511 0.29029810034868686 0 
1 -9.9000000000000004 -13.824999999999999 1.3795999999999999 0 0 1 
1 -9.8853679999999997 -13.826441000000001 1.3795999999999999 -0.99518556399810043 0.098008638444694623 0 
1 -9.9146319999999992 -13.826441000000001 1.3795999999999999 0 0 1 
1 -9.9000000000000004 -13.824999999999999 1.3795999999999999 -0.99518556399809921 -0.09800863844470642 0 
1 -9.9287010000000002 -13.830709000000001 1.3795999999999999 0 0 1 
1 -9.9146319999999992 -13.826441000000001 1.3795999999999999 -0.95693626377829533 -0.29029810034865333 0 
1 -9.9416679999999999 -13.83764 1.3795999999999999 0 0 1 
1 -9.9287010000000002 -13.830709000000001 1.3795999999999999 -0.88192143116883348 -0.47139642472670124 0 
1 -9.9530329999999996 -13.846966999999999 1.3795999999999999 0 0 1 
1 -9.9416679999999999 -13.83764 1.3795999999999999 -0.77301093560048773 -0.63439269655479047 0 
1 -9.9623600000000003 -13.858332000000001 1.3795999999999999 0 0 1 
1 -9.9530329999999996 -13.846966999999999 1.3795999999999999 -0.63439269655480357 -0.77301093560047718 0 
1 -9.9692910000000001 -13.871299 1.3795999999999999 0 0 1 
1 -9.9623600000000003 -13.858332000000001 1.3795999999999999 -0.47139642472670124 -0.88192143116883348 0 
1 -9.9735589999999998 -13.885368 1.3795999999999999 0 0 1 
1 -9.9692910000000001 -13.871299 1.3795999999999999 -0.29029810034868686 -0.95693626377828511 0 
1 -9.9749999999999996 -13.9 1.3795999999999999 0 0 1 
1 -9.9735589999999998 -13.885368 1.3795999999999999 -0.098008638444574969 -0.9951855639981122 0 
1 -9.9735589999999998 -13.914631999999999 1.3795999999999999 0 0 1 
1 -9.9749999999999996 -13.9 1.3795999999999999 0.098008638444586751 -0.99518556399811098 0 
1 -9.9692910000000001 -13.928701 1.3795999999999999 0 0 1 
1 -9.9735589999999998 -13.914631999999999 1.3795999999999999 0.29029810034865333 -0.95693626377829533 0 
1 -9.9623600000000003 -13.941668 1.3795999999999999 0 0 1 
1 -9.9692910000000001 -13.928701 1.3795999999999999 0.47139642472670124 -0.88192143116883348 0 
1 -9.9530329999999996 -13.953033 1.3795999999999999 0 0 1 
1 -9.9623600000000003 -13.941668 1.3795999999999999 0.63439269655486263 -0.77301093560042844 0 
1 -9.9416679999999999 -13.96236 1.3795999999999999 0 0 1 
1 -9.9530329999999996 -13.953033 1.3795999999999999 0.77301093560042844 -0.63439269655486263 0 
1 -9.9287010000000002 -13.969291 1.3795999999999999 0 0 1 
1 -9.9416679999999999 -13.96236 1.3795999999999999 0.88192143116883348 -0.47139642472670124 0 
1 -9.9146319999999992 -13.973559 1.3795999999999999 0 0 1 
1 -9.9287010000000002 -13.969291 1.3795999999999999 0.95693626377829533 -0.29029810034865333 0 
1 -9.9000000000000004 -13.975 1.3795999999999999 0 0 1 
1 -9.9146319999999992 -13.973559 1.3795999999999999 0.99518556399811098 -0.098008638444586751 0 
1 -9.9000000000000004 -13.975 1.3795999999999999 0.9951855639981122 0.098008638444574969 0 
1 -7.7853680000000001 -11.873559 1.3795999999999999 0 0 1 
1 -7.771299 -11.869291 1.3795999999999999 0 0 1 
1 -7.7853680000000001 -11.873559 1.3795999999999999 0.95693626377829022 0.2902981003486701 0 
1 -7.7583320000000002 -11.862360000000001 1.3795999999999999 0 0 1 
1 -7.771299 -11.869291 1.3795999999999999 0.88192143116883348 0.47139642472670124 0 
1 -7.7469669999999997 -11.853033 1.3795999999999999 0 0 1 
1 -7.7583320000000002 -11.862360000000001 1.3795999999999999 0.77301093560045286 0.6343926965548331 0 
1 -7.7376399999999999 -11.841668 1.3795999999999999 0 0 1 
1 -7.7469669999999997 -11.853033 1.3795999999999999 0.63439269655482666 0.77301093560045819 0 
1 -7.7307090000000001 -11.828701000000001 1.3795999999999999 0 0 1 
1 -7.7376399999999999 -11.841668 1.3795999999999999 0.47139642472670124 0.88192143116883348 0 
1 -7.7264410000000003 -11.814632 1.3795999999999999 0 0 1 
1 -7.7307090000000001 -11.828701000000001 1.3795999999999999 0.29029810034865333 0.95693626377829533 0 
1 -7.7249999999999996 -11.800000000000001 1.3795999999999999 0 0 1 
1 -7.7264410000000003 -11.814632 1.3795999999999999 0.098008638444646579 0.99518556399810509 0 
1 -7.7264410000000003 -11.785368 1.3795999999999999 0 0 1 
1 -7.7249999999999996 -11.800000000000001 1.3795999999999999 -0.098008638444634796 0.99518556399810632 0 
1 -7.7307090000000001 -11.771299000000001 1.3795999999999999 0 0 1 
1 -7.7264410000000003 -11.785368 1.3795999999999999 -0.29029810034868686 0.95693626377828511 0 
1 -7.7376399999999999 -11.758331999999999 1.3795999999999999 0 0 1 
1 -7.7307090000000001 -11.771299000000001 1.3795999999999999 -0.47139642472665105 0.88192143116886035 0 
1 -7.7469669999999997 -11.746967 1.3795999999999999 0 0 1 
1 -7.7376399999999999 -11.758331999999999 1.3795999999999999 -0.63439269655482666 0.77301093560045819 0 
1 -7.7583320000000002 -11.737640000000001 1.3795999999999999 0 0 1 
1 -7.7469669999999997 -11.746967 1.3795999999999999 -0.77301093560051215 0.63439269655476094 0 
1 -7.771299 -11.730708999999999 1.3795999999999999 0 0 1 
1 -7.7583320000000002 -11.737640000000001 1.3795999999999999 -0.8819214311687833 0.47139642472679522 0 
1 -7.7853680000000001 -11.726440999999999 1.3795999999999999 0 0 1 
1 -7.771299 -11.730708999999999 1.3795999999999999 -0.95693626377829022 0.2902981003486701 0 
1 -7.7999999999999998 -11.725 1.3795999999999999 0 0 1 
1 -7.7853680000000001 -11.726440999999999 1.3795999999999999 -0.99518556399811164 0.098008638444580867 0 
1 -7.8146319999999996 -11.726440999999999 1.3795999999999999 0 0 1 
1 -7.7999999999999998 -11.725 1.3795999999999999 -0.99518556399811164 -0.098008638444580867 0 
1 -7.8287009999999997 -11.730708999999999 1.3795999999999999 0 0 1 
1 -7.8146319999999996 -11.726440999999999 1.3795999999999999 -0.95693626377829022 -0.2902981003486701 0 
1 -7.8416680000000003 -11.737640000000001 1.3795999999999999 0 0 1 
1 -7.8287009999999997 -11.730708999999999 1.3795999999999999 -0.88192143116879662 -0.47139642472677007 0 
1 -7.8530329999999999 -11.746967 1.3795999999999999 0 0 1 
1 -7.8416680000000003 -11.737640000000001 1.3795999999999999 -0.77301093560048773 -0.63439269655479047 0 
1 -7.8623599999999998 -11.758331999999999 1.3795999999999999 0 0 1 
1 -7.8530329999999999 -11.746967 1.3795999999999999 -0.63439269655482666 -0.77301093560045819 0 
1 -7.8692909999999996 -11.771299000000001 1.3795999999999999 0 0 1 
1 -7.8623599999999998 -11.758331999999999 1.3795999999999999 -0.47139642472665105 -0.88192143116886035 0 
1 -7.8735590000000002 -11.785368 1.3795999999999999 0 0 1 
1 -7.8692909999999996 -11.771299000000001 1.3795999999999999 -0.29029810034874221 -0.95693626377826835 0 
1 -7.875 -11.800000000000001 1.3795999999999999 0 0 1 
1 -7.8735590000000002 -11.785368 1.3795999999999999 -0.098008638444574969 -0.9951855639981122 0 
1 -7.8735590000000002 -11.814632 1.3795999999999999 0 0 1 
1 -7.875 -11.800000000000001 1.3795999999999999 0.098008638444586751 -0.99518556399811098 0 
1 -7.8692909999999996 -11.828701000000001 1.3795999999999999 0 0 1 
1 -7.8735590000000002 -11.814632 1.3795999999999999 0.29029810034870868 -0.95693626377827856 0 
1 -7.8623599999999998 -11.841668 1.3795999999999999 0 0 1 
1 -7.8692909999999996 -11.828701000000001 1.3795999999999999 0.47139642472670124 -0.88192143116883348 0 
1 -7.8530329999999999 -11.853033 1.3795999999999999 0 0 1 
1 -7.8623599999999998 -11.841668 1.3795999999999999 0.63439269655482666 -0.77301093560045819 0 
1 -7.8416680000000003 -11.862360000000001 1.3795999999999999 0 0 1 
1 -7.8530329999999999 -11.853033 1.3795999999999999 0.77301093560042844 -0.63439269655486263 0 
1 -7.8287009999999997 -11.869291 1.3795999999999999 0 0 1 
1 -7.8416680000000003 -11.862360000000001 1.3795999999999999 0.88192143116884691 -0.47139642472667614 0 
1 -7.8146319999999996 -11.873559 1.3795999999999999 0 0 1 
1 -7.8287009999999997 -11.869291 1.3795999999999999 0.95693626377829022 -0.2902981003486701 0 
1 -7.7999999999999998 -11.875 1.3795999999999999 0 0 1 
1 -7.8146319999999996 -11.873559 1.3795999999999999 0.99518556399811164 -0.098008638444580867 0 
1 -7.7999999999999998 -11.875 1.3795999999999999 0.99518556399811164 0.098008638444580867 0 
1 -7.4853680000000002 -11.573558999999999 1.3795999999999999 0 0 1 
1 -7.4712990000000001 -11.569291 1.3795999999999999 0 0 1 
1 -7.4853680000000002 -11.573558999999999 1.3795999999999999 0.95693626377829022 0.2902981003486701 0 
1 -7.4583320000000004 -11.56236 1.3795999999999999 0 0 1 
1 -7.4712990000000001 -11.569291 1.3795999999999999 0.88192143116883348 0.47139642472670124 0 
1 -7.4469669999999999 -11.553032999999999 1.3795999999999999 0 0 1 
1 -7.4583320000000004 -11.56236 1.3795999999999999 0.77301093560045286 0.6343926965548331 0 
1 -7.43764 -11.541668 1.3795999999999999 0 0 1 
1 -7.4469669999999999 -11.553032999999999 1.3795999999999999 0.63439269655482666 0.77301093560045819 0 
1 -7.4307090000000002 -11.528701 1.3795999999999999 0 0 1 
1 -7.43764 -11.541668 1.3795999999999999 0.47139642472670124 0.88192143116883348 0 
1 -7.4264409999999996 -11.514632000000001 1.3795999999999999 0 0 1 
1 -7.4307090000000002 -11.528701 1.3795999999999999 0.29029810034874221 0.95693626377826835 0 
1 -7.4249999999999998 -11.5 1.3795999999999999 0 0 1 
1 -7.4264409999999996 -11.514632000000001 1.3795999999999999 0.098008638444574969 0.9951855639981122 0 
1 -7.4264409999999996 -11.485367999999999 1.3795999999999999 0 0 1 
1 -7.4249999999999998 -11.5 1.3795999999999999 -0.098008638444574969 0.9951855639981122 0 
1 -7.4307090000000002 -11.471299 1.3795999999999999 0 0 1 
1 -7.4264409999999996 -11.485367999999999 1.3795999999999999 -0.29029810034874221 0.95693626377826835 0 
1 -7.43764 -11.458332 1.3795999999999999 0 0 1 
1 -7.4307090000000002 -11.471299 1.3795999999999999 -0.47139642472670124 0.88192143116883348 0 
1 -7.4469669999999999 -11.446967000000001 1.3795999999999999 0 0 1 
1 -7.43764 -11.458332 1.3795999999999999 -0.63439269655482666 0.77301093560045819 0 
1 -7.4583320000000004 -11.43764 1.3795999999999999 0 0 1 
1 -7.4469669999999999 -11.446967000000001 1.3795999999999999 -0.77301093560045286 0.6343926965548331 0 
1 -7.4712990000000001 -11.430709 1.3795999999999999 0 0 1 
1 -7.4583320000000004 -11.43764 1.3795999999999999 -0.88192143116883348 0.47139642472670124 0 
1 -7.4853680000000002 -11.426441000000001 1.3795999999999999 0 0 1 
1 -7.4712990000000001 -11.430709 1.3795999999999999 -0.95693626377829022 0.2902981003486701 0 
1 -7.5 -11.425000000000001 1.3795999999999999 0 0 1 
1 -7.4853680000000002 -11.426441000000001 1.3795999999999999 -0.99518556399811164 0.098008638444580867 0 
1 -7.5146319999999998 -11.426441000000001 1.3795999999999999 0 0 1 
1 -7.5 -11.425000000000001 1.3795999999999999 -0.99518556399811164 -0.098008638444580867 0 
1 -7.5287009999999999 -11.430709 1.3795999999999999 0 0 1 
1 -7.5146319999999998 -11.426441000000001 1.3795999999999999 -0.95693626377829022 -0.2902981003486701 0 
1 -7.5416679999999996 -11.43764 1.3795999999999999 0 0 1 
1 -7.5287009999999999 -11.430709 1.3795999999999999 -0.88192143116883348 -0.47139642472670124 0 
1 -7.5530330000000001 -11.446967000000001 1.3795999999999999 0 0 1 
1 -7.5416679999999996 -11.43764 1.3795999999999999 -0.77301093560045286 -0.6343926965548331 0 
1 -7.56236 -11.458332 1.3795999999999999 0 0 1 
1 -7.5530330000000001 -11.446967000000001 1.3795999999999999 -0.63439269655482666 -0.77301093560045819 0 
1 -7.5692909999999998 -11.471299 1.3795999999999999 0 0 1 
1 -7.56236 -11.458332 1.3795999999999999 -0.47139642472670124 -0.88192143116883348 0 
1 -7.5735590000000004 -11.485367999999999 1.3795999999999999 0 0 1 
1 -7.5692909999999998 -11.471299 1.3795999999999999 -0.29029810034874221 -0.95693626377826835 0 
1 -7.5750000000000002 -11.5 1.3795999999999999 0 0 1 
1 -7.5735590000000004 -11.485367999999999 1.3795999999999999 -0.098008638444574969 -0.9951855639981122 0 
1 -7.5735590000000004 -11.514632000000001 1.3795999999999999 0 0 1 
1 -7.5750000000000002 -11.5 1.3795999999999999 0.098008638444574969 -0.9951855639981122 0 
1 -7.5692909999999998 -11.528701 1.3795999999999999 0 0 1 
1 -7.5735590000000004 -11.514632000000001 1.3795999999999999 0.29029810034874221 -0.95693626377826835 0 
1 -7.56236 -11.541668 1.3795999999999999 0 0 1 
1 -7.5692909999999998 -11.528701 1.3795999999999999 0.47139642472670124 -0.88192143116883348 0 
1 -7.5530330000000001 -11.553032999999999 1.3795999999999999 0 0 1 
1 -7.56236 -11.541668 1.3795999999999999 0.63439269655482666 -0.77301093560045819 0 
1 -7.5416679999999996 -11.56236 1.3795999999999999 0 0 1 
1 -7.5530330000000001 -11.553032999999999 1.3795999999999999 0.77301093560045286 -0.6343926965548331 0 
1 -7.5287009999999999 -11.569291 1.3795999999999999 0 0 1 
1 -7.5416679999999996 -11.56236 1.3795999999999999 0.88192143116883348 -0.47139642472670124 0 
1 -7.5146319999999998 -11.573558999999999 1.3795999999999999 0 0 1 
1 -7.5287009999999999 -11.569291 1.3795999999999999 0.95693626377829022 -0.2902981003486701 0 
1 -7.5 -11.574999999999999 1.3795999999999999 0 0 1 
1 -7.5146319999999998 -11.573558999999999 1.3795999999999999 0.99518556399811164 -0.098008638444580867 0 
1 -7.5 -11.574999999999999 1.3795999999999999 0.99518556399811164 0.098008638444580867 0 
Polygon3D 0
PolygonOnTriangulations 0
Surfaces 408
1 -10.770735999999999 -23.747118 1.3795999999999999 -0.29028865313994567 0.95693912965151362 0 0.95693912965151362 0.29028865313994567 0 0 0 -1 
1 -10.742597 -23.738582000000001 1.3795999999999999 -0.47141056271879644 0.88191387411535138 0 0.88191387411535138 0.47141056271879644 0 0 0 -1 
1 -10.716664 -23.724720000000001 1.3795999999999999 -0.63439269655486275 0.77301093560042866 0 0.77301093560042855 0.63439269655486252 0 0 0 -1 
1 -10.693934 -23.706066 1.3795999999999999 -0.77301093560045819 0.63439269655482666 0 0.63439269655482666 0.77301093560045819 0 0 0 -1 
1 -10.675280000000001 -23.683336000000001 1.3795999999999999 -0.88191387411533961 0.47141056271881832 0 0.47141056271881832 0.88191387411533961 0 0 0 -1 
1 -10.661417999999999 -23.657402999999999 1.3795999999999999 -0.95693912965151362 0.29028865313994567 0 0.29028865313994567 0.95693912965151362 0 0 0 -1 
1 -10.652882 -23.629263999999999 1.3795999999999999 -0.99518556399811109 0.098008638444586765 0 0.098008638444586765 0.99518556399811109 0 0 0 -1 
1 -10.65 -23.600000000000001 1.3795999999999999 -0.9951855639981122 -0.098008638444574969 0 -0.098008638444574969 0.9951855639981122 0 -0 0 -1 
1 -10.652882 -23.570736 1.3795999999999999 -0.95693912965151362 -0.29028865313994567 0 -0.29028865313994567 0.95693912965151362 0 -0 0 -1 
1 -10.661417999999999 -23.542597000000001 1.3795999999999999 -0.88191387411533961 -0.47141056271881832 0 -0.47141056271881832 0.88191387411533961 0 -0 0 -1 
1 -10.675280000000001 -23.516663999999999 1.3795999999999999 -0.77301093560045819 -0.63439269655482666 0 -0.63439269655482666 0.77301093560045819 0 -0 0 -1 
1 -10.693934 -23.493933999999999 1.3795999999999999 -0.63439269655479058 -0.77301093560048784 0 -0.77301093560048784 0.63439269655479058 0 -0 0 -1 
1 -10.716664 -23.475280000000001 1.3795999999999999 -0.47141056271889037 -0.88191387411530109 0 -0.88191387411530109 0.47141056271889037 0 -0 0 -1 
1 -10.742597 -23.461417999999998 1.3795999999999999 -0.29028865313994567 -0.95693912965151362 0 -0.95693912965151362 0.29028865313994567 0 -0 0 -1 
1 -10.770735999999999 -23.452881999999999 1.3795999999999999 -0.098021964025792593 -0.99518425156778201 0 -0.99518425156778201 0.098021964025792593 0 -0 0 -1 
1 -10.797204000000001 -23.450275000000001 1.3795999999999999 -0.94868350501066734 -0.31622714513570016 0 -0.31622714513570016 0.94868350501066734 0 -0 0 -1 
1 -10.949999999999999 -22.991886000000001 1.3795999999999999 -1 0 0 0 1 0 0 0 -1 
1 -10.949999999999999 -14.821662 1.3795999999999999 -0.68394131936530445 0.72953702556131228 0 0.72953702556131228 0.68394131936530445 0 0 0 -1 
1 -10.567805 -14.463354000000001 1.3795999999999999 -0.60000087567962745 0.79999934323953059 0 0.79999934323953059 0.60000087567962745 0 0 0 -1 
1 -9.983117 -14.024837 1.3795999999999999 0.47141222599927396 0.88191298503787174 -0 0.88191298503787174 -0.47141222599927396 0 0 -0 -1 
1 -9.9574029999999993 -14.038582 1.3795999999999999 0.29028865313994567 0.95693912965151362 -0 0.95693912965151362 -0.29028865313994567 0 0 -0 -1 
1 -9.9292639999999999 -14.047117999999999 1.3795999999999999 0.098008638444640681 0.99518556399810565 -0 0.99518556399810565 -0.098008638444640681 0 0 -0 -1 
1 -9.9000000000000004 -14.050000000000001 1.3795999999999999 -0.098008638444640681 0.99518556399810565 0 0.99518556399810565 0.098008638444640681 0 0 0 -1 
1 -9.8707360000000008 -14.047117999999999 1.3795999999999999 -0.29028865313992891 0.95693912965151873 0 0.95693912965151873 0.29028865313992891 0 0 0 -1 
1 -9.8425969999999996 -14.038582 1.3795999999999999 -0.47141056271879644 0.88191387411535138 0 0.88191387411535138 0.47141056271879644 0 0 0 -1 
1 -9.8166639999999994 -14.02472 1.3795999999999999 -0.63439269655482666 0.77301093560045819 0 0.77301093560045819 0.63439269655482666 0 0 0 -1 
1 -9.7939340000000001 -14.006066000000001 1.3795999999999999 -0.77301093560048251 0.63439269655479702 0 0.63439269655479702 0.77301093560048251 0 0 0 -1 
1 -9.7752800000000004 -13.983336 1.3795999999999999 -0.88191387411535138 0.47141056271879644 0 0.47141056271879644 0.88191387411535138 0 0 0 -1 
1 -9.7614180000000008 -13.957402999999999 1.3795999999999999 -0.95693912965149686 0.29028865314000102 0 0.29028865314000102 0.95693912965149686 0 0 0 -1 
1 -9.7528819999999996 -13.929264 1.3795999999999999 -0.99518556399811164 0.098008638444580867 0 0.098008638444580867 0.99518556399811164 0 0 0 -1 
1 -9.75 -13.9 1.3795999999999999 -0.99518556399811164 -0.098008638444580867 0 -0.098008638444580867 0.99518556399811164 0 -0 0 -1 
1 -9.7528819999999996 -13.870736000000001 1.3795999999999999 -0.95693912965150185 -0.2902886531399842 0 -0.2902886531399842 0.95693912965150185 0 -0 0 -1 
1 -9.7614180000000008 -13.842597 1.3795999999999999 -0.88191387411535138 -0.47141056271879644 0 -0.47141056271879644 0.88191387411535138 0 -0 0 -1 
1 -9.7752800000000004 -13.816663999999999 1.3795999999999999 -0.77301093560045819 -0.63439269655482666 0 -0.63439269655482666 0.77301093560045819 0 -0 0 -1 
1 -9.7939340000000001 -13.793934 1.3795999999999999 -0.63439269655482666 -0.77301093560045819 0 -0.77301093560045819 0.63439269655482666 0 -0 0 -1 
1 -9.8166639999999994 -13.77528 1.3795999999999999 -0.47143234833872055 -0.88190222867381352 0 -0.88190222867381352 0.47143234833872055 0 -0 0 -1 
1 -9.8276149999999998 -13.769425999999999 1.3795999999999999 -0.68394135183724547 0.72953699511885017 0 0.72953699511885017 0.68394135183724547 0 0 0 -1 
1 -7.8684289999999999 -11.932688000000001 1.3795999999999999 0.47142661096421501 0.88190529563825315 -0 0.88190529563825315 -0.47142661096421501 0 0 -0 -1 
1 -7.8574029999999997 -11.938582 1.3795999999999999 0.29028865313994567 0.95693912965151362 -0 0.95693912965151362 -0.29028865313994567 0 0 -0 -1 
1 -7.8292640000000002 -11.947118 1.3795999999999999 0.098008638444577911 0.99518556399811187 -0 0.99518556399811187 -0.098008638444577911 0 0 -0 -1 
1 -7.7999999999999998 -11.949999999999999 1.3795999999999999 -0.098008638444580867 0.99518556399811164 0 0.99518556399811164 0.098008638444580867 0 0 0 -1 
1 -7.7707360000000003 -11.947118 1.3795999999999999 -0.29028865313993729 0.95693912965151617 0 0.95693912965151617 0.29028865313993729 0 0 0 -1 
1 -7.742597 -11.938582 1.3795999999999999 -0.47141056271879644 0.88191387411535138 0 0.88191387411535138 0.47141056271879644 0 0 0 -1 
1 -7.7166639999999997 -11.924720000000001 1.3795999999999999 -0.63439269655484798 0.77301093560044065 0 0.77301093560044065 0.63439269655484798 0 0 0 -1 
1 -7.6939339999999996 -11.906065999999999 1.3795999999999999 -0.77301093560045819 0.63439269655482666 0 0.63439269655482666 0.77301093560045819 0 0 0 -1 
1 -7.6752799999999999 -11.883336 1.3795999999999999 -0.88191387411535138 0.47141056271879644 0 0.47141056271879644 0.88191387411535138 0 0 0 -1 
1 -7.6614180000000003 -11.857403 1.3795999999999999 -0.95693912965150518 0.29028865313997337 0 0.29028865313997337 0.95693912965150518 0 0 0 -1 
1 -7.652882 -11.829264 1.3795999999999999 -0.99518556399811164 0.098008638444580867 0 0.098008638444580867 0.99518556399811164 0 0 0 -1 
1 -7.6500000000000004 -11.800000000000001 1.3795999999999999 -0.9951855639981122 -0.098008638444574969 0 -0.098008638444574969 0.9951855639981122 0 -0 0 -1 
1 -7.652882 -11.770735999999999 1.3795999999999999 -0.95693912965150518 -0.29028865313997337 0 -0.29028865313997337 0.95693912965150518 0 -0 0 -1 
1 -7.6614180000000003 -11.742597 1.3795999999999999 -0.88192246082112891 -0.47139449837604641 0 -0.47139449837604641 0.88192246082112891 0 -0 0 -1 
1 -7.6691240000000001 -11.72818 1.3795999999999999 -0.68601406644694463 0.72758827686881211 0 0.72758827686881211 0.68601406644694463 0 0 0 -1 
1 -7.5680560000000003 -11.632887 1.3795999999999999 0.47145165018588886 0.88189191034786252 -0 0.88189191034786252 -0.47145165018588886 0 0 -0 -1 
1 -7.5574029999999999 -11.638582 1.3795999999999999 0.29028865314000102 0.95693912965149686 -0 0.95693912965149686 -0.29028865314000102 0 0 -0 -1 
1 -7.5292640000000004 -11.647118000000001 1.3795999999999999 0.098008638444577911 0.99518556399811187 -0 0.99518556399811187 -0.098008638444577911 0 0 -0 -1 
1 -7.5 -11.65 1.3795999999999999 -0.098008638444577911 0.99518556399811187 0 0.99518556399811187 0.098008638444577911 0 0 0 -1 
1 -7.4707359999999996 -11.647118000000001 1.3795999999999999 -0.29028865314000102 0.95693912965149686 0 0.95693912965149686 0.29028865314000102 0 0 0 -1 
1 -7.4425970000000001 -11.638582 1.3795999999999999 -0.47141056271879644 0.88191387411535138 0 0.88191387411535138 0.47141056271879644 0 0 0 -1 
1 -7.4166639999999999 -11.62472 1.3795999999999999 -0.6343926965548119 0.77301093560047029 0 0.77301093560047029 0.6343926965548119 0 0 0 -1 
1 -7.3939339999999998 -11.606066 1.3795999999999999 -0.77301093560048251 0.63439269655479702 0 0.63439269655479702 0.77301093560048251 0 0 0 -1 
1 -7.3752800000000001 -11.583335999999999 1.3795999999999999 -0.8819138741153254 0.47141056271884502 0 0.47141056271884502 0.8819138741153254 0 0 0 -1 
1 -7.3614179999999996 -11.557403000000001 1.3795999999999999 -0.95693912965151873 0.29028865313992891 0 0.29028865313992891 0.95693912965151873 0 0 0 -1 
1 -7.3528820000000001 -11.529264 1.3795999999999999 -0.99518556399810865 0.098008638444610788 0 0.098008638444610788 0.99518556399810865 0 0 0 -1 
1 -7.3499999999999996 -11.5 1.3795999999999999 -0.99518556399810865 -0.098008638444610788 0 -0.098008638444610788 0.99518556399810865 0 -0 0 -1 
1 -7.3528820000000001 -11.470736 1.3795999999999999 -0.95693912965151873 -0.29028865313992891 0 -0.29028865313992891 0.95693912965151873 0 -0 0 -1 
1 -7.3614179999999996 -11.442596999999999 1.3795999999999999 -0.8819138741153254 -0.47141056271884502 0 -0.47141056271884502 0.8819138741153254 0 -0 0 -1 
1 -7.3752800000000001 -11.416664000000001 1.3795999999999999 -0.77301093560048251 -0.63439269655479702 0 -0.63439269655479702 0.77301093560048251 0 -0 0 -1 
1 -7.3939339999999998 -11.393934 1.3795999999999999 -0.6343926965548119 -0.77301093560047029 0 -0.77301093560047029 0.6343926965548119 0 -0 0 -1 
1 -7.4166639999999999 -11.37528 1.3795999999999999 -0.47141056271879644 -0.88191387411535138 0 -0.88191387411535138 0.47141056271879644 0 -0 0 -1 
1 -7.4425970000000001 -11.361418 1.3795999999999999 -0.29028865314000102 -0.95693912965149686 0 -0.95693912965149686 0.29028865314000102 0 -0 0 -1 
1 -7.4707359999999996 -11.352881999999999 1.3795999999999999 -0.098008638444577911 -0.99518556399811187 0 -0.99518556399811187 0.098008638444577911 0 -0 0 -1 
1 -7.5 -11.35 1.3795999999999999 0.098008638444577911 -0.99518556399811187 0 -0.99518556399811187 -0.098008638444577911 0 0 -0 -1 
1 -7.5292640000000004 -11.352881999999999 1.3795999999999999 0.29028865314000102 -0.95693912965149686 0 -0.95693912965149686 -0.29028865314000102 0 0 -0 -1 
1 -7.5574029999999999 -11.361418 1.3795999999999999 0.47141056271879644 -0.88191387411535138 0 -0.88191387411535138 -0.47141056271879644 0 0 -0 -1 
1 -7.5833360000000001 -11.37528 1.3795999999999999 0.6343926965548119 -0.77301093560047029 0 -0.77301093560047029 -0.6343926965548119 0 0 -0 -1 
1 -7.6060660000000002 -11.393934 1.3795999999999999 0.77301093560048251 -0.63439269655479702 0 -0.63439269655479702 -0.77301093560048251 0 0 -0 -1 
1 -7.6247199999999999 -11.416664000000001 1.3795999999999999 0.8819138741153254 -0.47141056271884502 0 -0.47141056271884502 -0.8819138741153254 0 0 -0 -1 
1 -7.6385820000000004 -11.442596999999999 1.3795999999999999 0.95693912965151873 -0.29028865313992891 0 -0.29028865313992891 -0.95693912965151873 0 0 -0 -1 
1 -7.6471179999999999 -11.470736 1.3795999999999999 0.99518556399810865 -0.098008638444610788 0 -0.098008638444610788 -0.99518556399810865 0 0 -0 -1 
1 -7.6500000000000004 -11.5 1.3795999999999999 0.99518556399810865 0.098008638444610788 -0 0.098008638444610788 -0.99518556399810865 0 0 -0 -1 
1 -7.6471179999999999 -11.529264 1.3795999999999999 0.95693912965151873 0.29028865313992891 -0 0.29028865313992891 -0.95693912965151873 0 0 -0 -1 
1 -7.6385820000000004 -11.557403000000001 1.3795999999999999 0.88181855195393599 0.47158884786417887 -0 0.47158884786417887 -0.88181855195393599 0 0 -0 -1 
1 -7.6369680000000004 -11.560421 1.3795999999999999 0.68601049770512168 -0.72759164167709578 0 -0.72759164167709578 -0.68601049770512168 0 0 -0 -1 
1 -7.7437240000000003 -11.661076 1.3795999999999999 -0.29028465721867075 -0.95694034180999954 0 -0.95694034180999954 0.29028465721867075 0 -0 0 -1 
1 -7.7707360000000003 -11.652882 1.3795999999999999 -0.098008638444580867 -0.99518556399811164 0 -0.99518556399811164 0.098008638444580867 0 -0 0 -1 
1 -7.7999999999999998 -11.65 1.3795999999999999 0.098008638444577911 -0.99518556399811187 0 -0.99518556399811187 -0.098008638444577911 0 0 -0 -1 
1 -7.8292640000000002 -11.652882 1.3795999999999999 0.29028865313994567 -0.95693912965151362 0 -0.95693912965151362 -0.29028865313994567 0 0 -0 -1 
1 -7.8574029999999997 -11.661417999999999 1.3795999999999999 0.47141056271884341 -0.88191387411532629 0 -0.88191387411532629 -0.47141056271884341 0 0 -0 -1 
1 -7.8833359999999999 -11.675280000000001 1.3795999999999999 0.6343926965548119 -0.77301093560047029 0 -0.77301093560047029 -0.6343926965548119 0 0 -0 -1 
1 -7.906066 -11.693934 1.3795999999999999 0.77301093560045819 -0.63439269655482666 0 -0.63439269655482666 -0.77301093560045819 0 0 -0 -1 
1 -7.9247199999999998 -11.716664 1.3795999999999999 0.88191387411533873 -0.47141056271881993 0 -0.47141056271881993 -0.88191387411533873 0 0 -0 -1 
1 -7.9385820000000002 -11.742597 1.3795999999999999 0.95693912965151362 -0.29028865313994567 0 -0.29028865313994567 -0.95693912965151362 0 0 -0 -1 
1 -7.9471179999999997 -11.770735999999999 1.3795999999999999 0.99518556399810931 -0.098008638444604904 0 -0.098008638444604904 -0.99518556399810931 0 0 -0 -1 
1 -7.9500000000000002 -11.800000000000001 1.3795999999999999 0.99518556399810865 0.098008638444610788 -0 0.098008638444610788 -0.99518556399810865 0 0 -0 -1 
1 -7.9471179999999997 -11.829264 1.3795999999999999 0.9569414203973049 0.2902811015687875 -0 0.2902811015687875 -0.9569414203973049 0 0 -0 -1 
1 -7.9415550000000001 -11.847602999999999 1.3795999999999999 0.68601299672839178 -0.72758928546243151 0 -0.72758928546243151 -0.68601299672839178 0 0 -0 -1 
1 -10.004362 -13.792536 1.3795999999999999 0.63427489516151025 -0.77310759753598035 0 -0.77310759753598035 -0.63427489516151025 0 0 -0 -1 
1 -10.006066000000001 -13.793934 1.3795999999999999 0.77302054330106318 -0.63438098933884302 0 -0.63438098933884302 -0.77302054330106318 0 0 -0 -1 
1 -10.006821 -13.794854000000001 1.3795999999999999 0.68601337006272267 -0.72758893346118581 0 -0.72758893346118581 -0.68601337006272267 0 0 -0 -1 
1 -10.643363000000001 -14.395023 1.3795999999999999 0.59999556768594331 -0.80000332421635767 0 -0.80000332421635767 -0.59999556768594331 0 0 -0 -1 
1 -10.73 -14.460000000000001 1.3795999999999999 0.67554579003945259 -0.73731803555858577 0 -0.73731803555858577 -0.67554579003945259 0 0 -0 -1 
1 -10.732614 -14.462395000000001 1.3795999999999999 0.63448080615332625 -0.77293861762951488 0 -0.77293861762951488 -0.63448080615332625 0 0 -0 -1 
1 -10.735355 -14.464645000000001 1.3795999999999999 0.70710678118654757 -0.70710678118654757 0 -0.70710678118654757 -0.70710678118654757 0 0 -0 -1 
1 -11.035354999999999 -14.764645 1.3795999999999999 0.77299973310319936 -0.63440634661262862 0 -0.63440634661262862 -0.77299973310319936 0 0 -0 -1 
1 -11.037955 -14.767813 1.3795999999999999 0.75216848932269376 -0.65897083673711743 0 -0.65897083673711743 -0.75216848932269376 0 0 -0 -1 
1 -11.040656 -14.770896 1.3795999999999999 0.86120746269201998 -0.50825358454571967 0 -0.50825358454571967 -0.86120746269201998 0 0 -0 -1 
1 -11.040692 -14.770956999999999 1.3795999999999999 0.75430471943137201 -0.65652447802314218 0 -0.65652447802314218 -0.75430471943137201 0 0 -0 -1 
1 -11.040739 -14.771011 1.3795999999999999 0.86749143445872157 -0.49745211944542922 0 -0.49745211944542922 -0.86749143445872157 0 0 -0 -1 
1 -11.041105999999999 -14.771651 1.3795999999999999 0.77353387954307917 -0.63375495043355123 0 -0.63375495043355123 -0.77353387954307917 0 0 -0 -1 
1 -11.041573 -14.772221 1.3795999999999999 0.88194740628769763 -0.47134782543510573 0 -0.47134782543510573 -0.88194740628769763 0 0 -0 -1 
1 -11.043505 -14.775836 1.3795999999999999 0.86619371018147195 -0.499708371394813 0 -0.499708371394813 -0.86619371018147195 0 0 -0 -1 
1 -11.045553 -14.779386000000001 1.3795999999999999 0.94728103250472295 -0.32040387865440401 0 -0.32040387865440401 -0.94728103250472295 0 0 -0 -1 
1 -11.045576000000001 -14.779453999999999 1.3795999999999999 0.87082430910355346 -0.491594368025427 0 -0.491594368025427 -0.87082430910355346 0 0 -0 -1 
1 -11.045610999999999 -14.779515999999999 1.3795999999999999 0.94786653866898307 -0.31866757737755702 0 -0.31866757737755702 -0.94786653866898307 0 0 -0 -1 
1 -11.045845999999999 -14.780215 1.3795999999999999 0.88190253725960555 -0.47143177107092621 0 -0.47143177107092621 -0.88190253725960555 0 0 -0 -1 
1 -11.046194 -14.780866 1.3795999999999999 0.95692174226561633 -0.29034596463415413 0 -0.29034596463415413 -0.95692174226561633 0 0 -0 -1 
1 -11.047383999999999 -14.784788000000001 1.3795999999999999 0.94710988657034578 -0.32090943077557998 0 -0.32090943077557998 -0.94710988657034578 0 0 -0 -1 
1 -11.048698999999999 -14.788669000000001 1.3795999999999999 0.99022650510318733 -0.13946852186471093 0 -0.13946852186471093 -0.99022650510318733 0 0 -0 -1 
1 -11.048709000000001 -14.788740000000001 1.3795999999999999 0.95144451855483958 -0.307820285413339 0 -0.307820285413339 -0.95144451855483958 0 0 -0 -1 
1 -11.048731 -14.788808 1.3795999999999999 0.99185534994495872 -0.12736940286255374 0 -0.12736940286255374 -0.99185534994495872 0 0 -0 -1 
1 -11.048825000000001 -14.789540000000001 1.3795999999999999 0.95688731328435828 -0.2904594114079323 0 -0.2904594114079323 -0.95688731328435828 0 0 -0 -1 
1 -11.049039 -14.790245000000001 1.3795999999999999 0.99522088119374097 -0.097649360653072712 0 -0.097649360653072712 -0.99522088119374097 0 0 -0 -1 
1 -11.049111999999999 -14.790989 1.3795999999999999 0.99516925319738103 -0.098174118231675586 0 -0.098174118231675586 -0.99516925319738103 0 0 -0 -1 
1 -11.049441 -14.794324 1.3795999999999999 0.99150901492929111 -0.13003796873969914 0 -0.13003796873969914 -0.99150901492929111 0 0 -0 -1 
1 -11.049974000000001 -14.798387999999999 1.3795999999999999 0.99752951843562654 0.070248557633499631 -0 0.070248557633499631 -0.99752951843562654 0 0 -0 -1 
1 -11.049969000000001 -14.798458999999999 1.3795999999999999 0.99206142193992064 -0.1257542647330214 0 -0.1257542647330214 -0.99206142193992064 0 0 -0 -1 
1 -11.049977999999999 -14.79853 1.3795999999999999 0.99770038936134864 0.067778559059730278 -0 0.067778559059730278 -0.99770038936134864 0 0 -0 -1 
1 -11.049928 -14.799265999999999 1.3795999999999999 0.99522336039756443 -0.097624089849686582 0 -0.097624089849686582 -0.99522336039756443 0 0 -0 -1 
1 -11.050000000000001 -14.800000000000001 1.3795999999999999 1 0 -0 0 -1 0 0 -0 -1 
1 -11.050000000000001 -23 1.3795999999999999 1 0 -0 0 -1 0 0 -0 -1 
1 -11.050000000000001 -23.689601 1.3795999999999999 0.91706971553217953 -0.39872689507196196 0 -0.39872689507196196 -0.91706971553217953 0 0 -0 -1 
1 -11.310468 -24.288675999999999 1.3795999999999999 0.88721680903034195 -0.46135272165016855 0 -0.46135272165016855 -0.88721680903034195 0 0 -0 -1 
1 -12.279411 -26.152028000000001 1.3795999999999999 -0.098024823497636152 -0.99518396991624491 0 -0.99518396991624491 0.098024823497636152 0 -0 0 -1 
1 -12.300000000000001 -26.149999999999999 1.3795999999999999 0.098008638444700535 -0.99518556399809988 0 -0.99518556399809988 -0.098008638444700535 0 0 -0 -1 
1 -12.329264 -26.152882000000002 1.3795999999999999 0.29028865313994567 -0.95693912965151362 0 -0.95693912965151362 -0.29028865313994567 0 0 -0 -1 
1 -12.357403 -26.161418000000001 1.3795999999999999 0.47141056271879644 -0.88191387411535138 0 -0.88191387411535138 -0.47141056271879644 0 0 -0 -1 
1 -12.383336 -26.175280000000001 1.3795999999999999 0.63439269655479058 -0.77301093560048784 0 -0.77301093560048784 -0.63439269655479058 0 0 -0 -1 
1 -12.406065999999999 -26.193933999999999 1.3795999999999999 0.77301093560047718 -0.63439269655480357 0 -0.63439269655480357 -0.77301093560047718 0 0 -0 -1 
1 -12.424720000000001 -26.216664000000002 1.3795999999999999 0.88191387411533795 -0.47141056271882159 0 -0.47141056271882159 -0.88191387411533795 0 0 -0 -1 
1 -12.438582 -26.242597 1.3795999999999999 0.95693912965151362 -0.29028865313994567 0 -0.29028865313994567 -0.95693912965151362 0 0 -0 -1 
1 -12.447118 -26.270735999999999 1.3795999999999999 0.9951855639981122 -0.098008638444574969 0 -0.098008638444574969 -0.9951855639981122 0 0 -0 -1 
1 -12.449999999999999 -26.300000000000001 1.3795999999999999 0.99518556399811109 0.098008638444586765 -0 0.098008638444586765 -0.99518556399811109 0 0 -0 -1 
1 -12.447118 -26.329263999999998 1.3795999999999999 0.95693912965152372 0.29028865313991209 -0 0.29028865313991209 -0.95693912965152372 0 0 -0 -1 
1 -12.438582 -26.357403000000001 1.3795999999999999 0.88191387411533795 0.47141056271882159 -0 0.47141056271882159 -0.88191387411533795 0 0 -0 -1 
1 -12.424720000000001 -26.383336 1.3795999999999999 0.77301093560042866 0.63439269655486275 -0 0.63439269655486252 -0.77301093560042855 0 0 -0 -1 
1 -12.406065999999999 -26.406065999999999 1.3795999999999999 0.63439269655486275 0.77301093560042866 -0 0.77301093560042855 -0.63439269655486252 0 0 -0 -1 
1 -12.383336 -26.424720000000001 1.3795999999999999 0.47141056271879644 0.88191387411535138 -0 0.88191387411535138 -0.47141056271879644 0 0 -0 -1 
1 -12.357403 -26.438582 1.3795999999999999 0.29028865313994567 0.95693912965151362 -0 0.95693912965151362 -0.29028865313994567 0 0 -0 -1 
1 -12.329264 -26.447118 1.3795999999999999 0.098008638444580867 0.99518556399811164 -0 0.99518556399811164 -0.098008638444580867 0 0 -0 -1 
1 -12.300000000000001 -26.449999999999999 1.3795999999999999 -0.098008638444574969 0.9951855639981122 0 0.9951855639981122 0.098008638444574969 0 0 0 -1 
1 -12.270735999999999 -26.447118 1.3795999999999999 -0.29028865313994567 0.95693912965151362 0 0.95693912965151362 0.29028865313994567 0 0 0 -1 
1 -12.242597 -26.438582 1.3795999999999999 -0.47141056271879644 0.88191387411535138 0 0.88191387411535138 0.47141056271879644 0 0 0 -1 
1 -12.216664 -26.424720000000001 1.3795999999999999 -0.63439269655486275 0.77301093560042866 0 0.77301093560042855 0.63439269655486252 0 0 0 -1 
1 -12.193934 -26.406065999999999 1.3795999999999999 -0.77301093560045819 0.63439269655482666 0 0.63439269655482666 0.77301093560045819 0 0 0 -1 
1 -12.175280000000001 -26.383336 1.3795999999999999 -0.88191387411531286 0.47141056271886855 0 0.47141056271886855 0.88191387411531286 0 0 0 -1 
1 -12.161417999999999 -26.357403000000001 1.3795999999999999 -0.95693912965152372 0.29028865313991209 0 0.29028865313991209 0.95693912965152372 0 0 0 -1 
1 -12.152882 -26.329263999999998 1.3795999999999999 -0.99518556399811109 0.098008638444586765 0 0.098008638444586765 0.99518556399811109 0 0 0 -1 
1 -12.15 -26.300000000000001 1.3795999999999999 -0.9951855639981122 -0.098008638444574969 0 -0.098008638444574969 0.9951855639981122 0 -0 0 -1 
1 -12.152882 -26.270735999999999 1.3795999999999999 -0.95693912965151362 -0.29028865313994567 0 -0.29028865313994567 0.95693912965151362 0 -0 0 -1 
1 -12.161417999999999 -26.242597 1.3795999999999999 -0.88191387411531286 -0.47141056271886855 0 -0.47141056271886855 0.88191387411531286 0 -0 0 -1 
1 -12.175280000000001 -26.216664000000002 1.3795999999999999 -0.77301557731876547 -0.63438704055374262 0 -0.63438704055374262 0.77301557731876547 0 -0 0 -1 
1 -12.190600999999999 -26.197994999999999 1.3795999999999999 -0.88721945125053847 0.46134764042172516 0 0.46134764042172516 0.88721945125053847 0 0 0 -1 
1 -12.127893 -26.077400999999998 1.3795999999999999 0.88187947652721954 0.47147490800686015 -0 0.47147490800686015 -0.88187947652721954 0 0 -0 -1 
1 -12.12472 -26.083335999999999 1.3795999999999999 0.77301093560045819 0.63439269655482666 -0 0.63439269655482666 -0.77301093560045819 0 0 -0 -1 
1 -12.106066 -26.106065999999998 1.3795999999999999 0.6343926965548331 0.77301093560045286 -0 0.77301093560045286 -0.6343926965548331 0 0 -0 -1 
1 -12.083335999999999 -26.12472 1.3795999999999999 0.47141056271882159 0.88191387411533795 -0 0.88191387411533795 -0.47141056271882159 0 0 -0 -1 
1 -12.057403000000001 -26.138582 1.3795999999999999 0.29028865313992891 0.95693912965151873 -0 0.95693912965151873 -0.29028865313992891 0 0 -0 -1 
1 -12.029264 -26.147117999999999 1.3795999999999999 0.098008638444580867 0.99518556399811164 -0 0.99518556399811164 -0.098008638444580867 0 0 -0 -1 
1 -12 -26.149999999999999 1.3795999999999999 -0.098008638444580867 0.99518556399811164 0 0.99518556399811164 0.098008638444580867 0 0 0 -1 
1 -11.970736 -26.147117999999999 1.3795999999999999 -0.29028865313992891 0.95693912965151873 0 0.95693912965151873 0.29028865313992891 0 0 0 -1 
1 -11.942596999999999 -26.138582 1.3795999999999999 -0.47141056271882159 0.88191387411533795 0 0.88191387411533795 0.47141056271882159 0 0 0 -1 
1 -11.916664000000001 -26.12472 1.3795999999999999 -0.6343926965548331 0.77301093560045286 0 0.77301093560045286 0.6343926965548331 0 0 0 -1 
1 -11.893934 -26.106065999999998 1.3795999999999999 -0.77301093560045819 0.63439269655482666 0 0.63439269655482666 0.77301093560045819 0 0 0 -1 
1 -11.87528 -26.083335999999999 1.3795999999999999 -0.88191387411533795 0.47141056271882159 0 0.47141056271882159 0.88191387411533795 0 0 0 -1 
1 -11.861418 -26.057403000000001 1.3795999999999999 -0.95693912965149686 0.29028865314000102 0 0.29028865314000102 0.95693912965149686 0 0 0 -1 
1 -11.852881999999999 -26.029264000000001 1.3795999999999999 -0.9951855639981122 0.098008638444574969 0 0.098008638444574969 0.9951855639981122 0 0 0 -1 
1 -11.85 -26 1.3795999999999999 -0.9951855639981122 -0.098008638444574969 0 -0.098008638444574969 0.9951855639981122 0 -0 0 -1 
1 -11.852881999999999 -25.970735999999999 1.3795999999999999 -0.95693912965149686 -0.29028865314000102 0 -0.29028865314000102 0.95693912965149686 0 -0 0 -1 
1 -11.861418 -25.942596999999999 1.3795999999999999 -0.88191387411533795 -0.47141056271882159 0 -0.47141056271882159 0.88191387411533795 0 -0 0 -1 
1 -11.87528 -25.916664000000001 1.3795999999999999 -0.77301093560045819 -0.63439269655482666 0 -0.63439269655482666 0.77301093560045819 0 -0 0 -1 
1 -11.893934 -25.893934000000002 1.3795999999999999 -0.63444686583178267 -0.77296647691619069 0 -0.77296647691619069 0.63444686583178267 0 -0 0 -1 
1 -11.897935 -25.890650000000001 1.3795999999999999 -0.91707014977840895 0.39872589630648109 0 0.39872589630648109 0.91707014977840895 0 0 0 -1 
1 -11.220145 -24.331731999999999 1.3795999999999999 -0.8872162871976611 0.46135372517320955 0 0.46135372517320955 0.8872162871976611 0 0 0 -1 
1 -10.955639 -23.823067999999999 1.3795999999999999 -0.92812719968639146 0.37226321494649089 0 0.37226321494649089 0.92812719968639146 0 0 0 -1 
1 -10.954829999999999 -23.821051000000001 1.3795999999999999 -0.88204707079066402 0.47116129394254086 0 0.47116129394254086 0.88204707079066402 0 0 0 -1 
1 -10.953806 -23.819133999999998 1.3795999999999999 -0.95694760306853754 0.29026071897757849 0 0.29026071897757849 0.95694760306853754 0 0 0 -1 
1 -10.953011 -23.816513 1.3795999999999999 -0.92812388614806196 0.37227147615875616 0 0.37227147615875616 0.92812388614806196 0 0 0 -1 
1 -10.951991 -23.813970000000001 1.3795999999999999 -0.98299699742466129 0.1836216301368136 0 0.1836216301368136 0.98299699742466129 0 0 0 -1 
1 -10.951592 -23.811834000000001 1.3795999999999999 -0.95689656697593228 0.29042892436820988 0 0.29042892436820988 0.95689656697593228 0 0 0 -1 
1 -10.950961 -23.809754999999999 1.3795999999999999 -0.99516998014461333 0.098166749049614269 0 0.098166749049614269 0.99516998014461333 0 0 0 -1 
1 -10.950692 -23.807027999999999 1.3795999999999999 -0.98292175348450317 0.18402398356450592 0 0.18402398356450592 0.98292175348450317 0 0 0 -1 
1 -10.950188000000001 -23.804335999999999 1.3795999999999999 -0.99993382598907121 -0.011504070708141205 0 -0.011504070708141205 0.99993382598907121 0 -0 0 -1 
1 -10.950213 -23.802163 1.3795999999999999 -0.99518638285020178 0.098000323415444027 0 0.098000323415444027 0.99518638285020178 0 0 0 -1 
1 -10.949999999999999 -23.800000000000001 1.3795999999999999 -1 0 0 0 1 0 0 0 -1 
1 -10.949999999999999 -23.699999999999999 1.3795999999999999 -1 0 0 0 1 0 0 0 -1 
1 -10.949999999999999 -23.600000000000001 1.3795999999999999 0.99518556399811109 0.098008638444586765 -0 0.098008638444586765 -0.99518556399811109 0 0 -0 -1 
1 -10.947118 -23.629263999999999 1.3795999999999999 0.95693912965151362 0.29028865313994567 -0 0.29028865313994567 -0.95693912965151362 0 0 -0 -1 
1 -10.938582 -23.657402999999999 1.3795999999999999 0.8819138741153647 0.4714105627187713 -0 0.4714105627187713 -0.8819138741153647 0 0 -0 -1 
1 -10.924720000000001 -23.683336000000001 1.3795999999999999 0.77301093560042866 0.63439269655486275 -0 0.63439269655486252 -0.77301093560042855 0 0 -0 -1 
1 -10.906065999999999 -23.706066 1.3795999999999999 0.63439269655486275 0.77301093560042866 -0 0.77301093560042855 -0.63439269655486252 0 0 -0 -1 
1 -10.883336 -23.724720000000001 1.3795999999999999 0.47141056271879644 0.88191387411535138 -0 0.88191387411535138 -0.47141056271879644 0 0 -0 -1 
1 -10.857403 -23.738582000000001 1.3795999999999999 0.29028865313994567 0.95693912965151362 -0 0.95693912965151362 -0.29028865313994567 0 0 -0 -1 
1 -10.829264 -23.747118 1.3795999999999999 0.098008638444580867 0.99518556399811164 -0 0.99518556399811164 -0.098008638444580867 0 0 -0 -1 
1 -10.800000000000001 -23.75 1.3795999999999999 -0.098008638444574969 0.9951855639981122 0 0.9951855639981122 0.098008638444574969 0 0 0 -1 
1 -10.947118 -23.570736 1.3795999999999999 -0.95693912965151362 0.29028865313994567 0 0.29028865313994567 0.95693912965151362 0 0 0 -1 
1 -10.938582 -23.542597000000001 1.3795999999999999 -0.8819138741153647 0.4714105627187713 0 0.4714105627187713 0.8819138741153647 0 0 0 -1 
1 -10.924720000000001 -23.516663999999999 1.3795999999999999 -0.77301093560042866 0.63439269655486275 0 0.63439269655486252 0.77301093560042855 0 0 0 -1 
1 -10.906065999999999 -23.493933999999999 1.3795999999999999 -0.63440123156008665 0.77300393103466525 0 0.77300393103466525 0.63440123156008665 0 0 0 -1 
1 -10.891928 -23.482330999999999 1.3795999999999999 -0.94868384259059502 -0.31622613239190611 0 -0.31622613239190611 0.94868384259059502 0 -0 0 -1 
1 -10.949999999999999 -23.308114 1.3795999999999999 1 0 -0 0 -1 0 0 -0 -1 
1 -10.949999999999999 -23.600000000000001 1.3795999999999999 -0.9951855639981122 0.098008638444574969 0 0.098008638444574969 0.9951855639981122 0 0 0 -1 
1 -11.885529 -25.611317 1.3795999999999999 0.88721631638866716 -0.46135366903680797 0 -0.46135366903680797 -0.88721631638866716 0 0 -0 -1 
1 -12.010165000000001 -25.851001 1.3795999999999999 -0.098001130318997209 0.99518630339057568 0 0.99518630339057568 0.098001130318997209 0 0 0 -1 
1 -12 -25.850000000000001 1.3795999999999999 0.09799539213457141 0.99518686844250093 -0 0.99518686844250093 -0.09799539213457141 0 0 -0 -1 
1 -11.989743000000001 -25.851009999999999 1.3795999999999999 -0.91707054286894241 0.39872499219645541 0 0.39872499219645541 0.91707054286894241 0 0 0 -1 
1 -12.285368 -26.373559 1.3795999999999999 -0.29029810034868692 0.95693626377828522 0 0.95693626377828522 0.29029810034868692 0 0 0 -1 
1 -12.271299000000001 -26.369291 1.3795999999999999 -0.47139642472674498 0.88192143116881017 0 0.88192143116881017 0.47139642472674498 0 0 0 -1 
1 -12.258331999999999 -26.362359999999999 1.3795999999999999 -0.63439269655479058 0.77301093560048784 0 0.77301093560048784 0.63439269655479058 0 0 0 -1 
1 -12.246967 -26.353033 1.3795999999999999 -0.77301093560053635 0.63439269655473129 0 0.63439269655473129 0.77301093560053635 0 0 0 -1 
1 -12.237640000000001 -26.341667999999999 1.3795999999999999 -0.8819214311687833 0.47139642472679522 0 0.47139642472679522 0.8819214311687833 0 0 0 -1 
1 -12.230708999999999 -26.328700999999999 1.3795999999999999 -0.95693626377828522 0.29029810034868692 0 0.29029810034868692 0.95693626377828522 0 0 0 -1 
1 -12.226440999999999 -26.314632 1.3795999999999999 -0.99518556399811109 0.098008638444586765 0 0.098008638444586765 0.99518556399811109 0 0 0 -1 
1 -12.225 -26.300000000000001 1.3795999999999999 -0.99518556399811331 -0.098008638444563187 0 -0.098008638444563187 0.99518556399811331 0 -0 0 -1 
1 -12.226440999999999 -26.285367999999998 1.3795999999999999 -0.95693626377828522 -0.29029810034868692 0 -0.29029810034868692 0.95693626377828522 0 -0 0 -1 
1 -12.230708999999999 -26.271298999999999 1.3795999999999999 -0.8819214311687833 -0.47139642472679522 0 -0.47139642472679522 0.8819214311687833 0 -0 0 -1 
1 -12.237640000000001 -26.258331999999999 1.3795999999999999 -0.77301093560043921 -0.63439269655484987 0 -0.63439269655484987 0.77301093560043921 0 -0 0 -1 
1 -12.246967 -26.246967000000001 1.3795999999999999 -0.63439269655493502 -0.77301093560036938 0 -0.77301093560036938 0.63439269655493502 0 -0 0 -1 
1 -12.258331999999999 -26.237639999999999 1.3795999999999999 -0.47139642472655707 -0.88192143116891064 0 -0.88192143116891064 0.47139642472655707 0 -0 0 -1 
1 -12.271299000000001 -26.230709000000001 1.3795999999999999 -0.29029810034868692 -0.95693626377828522 0 -0.95693626377828522 0.29029810034868692 0 -0 0 -1 
1 -12.285368 -26.226441000000001 1.3795999999999999 -0.098008638444574969 -0.9951855639981122 0 -0.9951855639981122 0.098008638444574969 0 -0 0 -1 
1 -12.300000000000001 -26.225000000000001 1.3795999999999999 0.098008638444586765 -0.99518556399811109 0 -0.99518556399811109 -0.098008638444586765 0 0 -0 -1 
1 -12.314632 -26.226441000000001 1.3795999999999999 0.29029810034865333 -0.95693626377829533 0 -0.95693626377829533 -0.29029810034865333 0 0 -0 -1 
1 -12.328701000000001 -26.230709000000001 1.3795999999999999 0.47139642472660731 -0.88192143116888377 0 -0.88192143116888377 -0.47139642472660731 0 0 -0 -1 
1 -12.341668 -26.237639999999999 1.3795999999999999 0.63439269655493502 -0.77301093560036938 0 -0.77301093560036938 -0.63439269655493502 0 0 -0 -1 
1 -12.353033 -26.246967000000001 1.3795999999999999 0.77301093560037992 -0.63439269655492203 0 -0.63439269655492203 -0.77301093560037992 0 0 -0 -1 
1 -12.362360000000001 -26.258331999999999 1.3795999999999999 0.88192143116883348 -0.47139642472670124 0 -0.47139642472670124 -0.88192143116883348 0 0 -0 -1 
1 -12.369291 -26.271298999999999 1.3795999999999999 0.95693626377828522 -0.29029810034868692 0 -0.29029810034868692 -0.95693626377828522 0 0 -0 -1 
1 -12.373559 -26.285367999999998 1.3795999999999999 0.99518556399811331 -0.098008638444563187 0 -0.098008638444563187 -0.99518556399811331 0 0 -0 -1 
1 -12.375 -26.300000000000001 1.3795999999999999 0.99518556399811109 0.098008638444586765 -0 0.098008638444586765 -0.99518556399811109 0 0 -0 -1 
1 -12.373559 -26.314632 1.3795999999999999 0.95693626377828522 0.29029810034868692 -0 0.29029810034868692 -0.95693626377828522 0 0 -0 -1 
1 -12.369291 -26.328700999999999 1.3795999999999999 0.88192143116883348 0.47139642472670124 -0 0.47139642472670124 -0.88192143116883348 0 0 -0 -1 
1 -12.362360000000001 -26.341667999999999 1.3795999999999999 0.77301093560047718 0.63439269655480357 -0 0.63439269655480357 -0.77301093560047718 0 0 -0 -1 
1 -12.353033 -26.353033 1.3795999999999999 0.63439269655479058 0.77301093560048784 -0 0.77301093560048784 -0.63439269655479058 0 0 -0 -1 
1 -12.341668 -26.362359999999999 1.3795999999999999 0.47139642472679522 0.8819214311687833 -0 0.8819214311687833 -0.47139642472679522 0 0 -0 -1 
1 -12.328701000000001 -26.369291 1.3795999999999999 0.29029810034865333 0.95693626377829533 -0 0.95693626377829533 -0.29029810034865333 0 0 -0 -1 
1 -12.314632 -26.373559 1.3795999999999999 0.098008638444586765 0.99518556399811109 -0 0.99518556399811109 -0.098008638444586765 0 0 -0 -1 
1 -12.300000000000001 -26.375 1.3795999999999999 -0.098008638444574969 0.9951855639981122 0 0.9951855639981122 0.098008638444574969 0 0 0 -1 
1 -11.971299 -26.069291 1.3795999999999999 -0.47139642472660731 0.88192143116888377 0 0.88192143116888377 0.47139642472660731 0 0 0 -1 
1 -11.958332 -26.062360000000002 1.3795999999999999 -0.63439269655493502 0.77301093560036938 0 0.77301093560036938 0.63439269655493502 0 0 0 -1 
1 -11.946967000000001 -26.053032999999999 1.3795999999999999 -0.77301093560037992 0.63439269655492203 0 0.63439269655492203 0.77301093560037992 0 0 0 -1 
1 -11.93764 -26.041668000000001 1.3795999999999999 -0.88192143116883348 0.47139642472670124 0 0.47139642472670124 0.88192143116883348 0 0 0 -1 
1 -11.930709 -26.028701000000002 1.3795999999999999 -0.95693626377830554 0.2902981003486198 0 0.2902981003486198 0.95693626377830554 0 0 0 -1 
1 -11.926441000000001 -26.014631999999999 1.3795999999999999 -0.99518556399811109 0.098008638444586765 0 0.098008638444586765 0.99518556399811109 0 0 0 -1 
1 -11.925000000000001 -26 1.3795999999999999 -0.99518556399811109 -0.098008638444586765 0 -0.098008638444586765 0.99518556399811109 0 -0 0 -1 
1 -11.926441000000001 -25.985368000000001 1.3795999999999999 -0.95693626377830554 -0.2902981003486198 0 -0.2902981003486198 0.95693626377830554 0 -0 0 -1 
1 -11.930709 -25.971298999999998 1.3795999999999999 -0.88192143116883348 -0.47139642472670124 0 -0.47139642472670124 0.88192143116883348 0 -0 0 -1 
1 -11.93764 -25.958331999999999 1.3795999999999999 -0.77301093560037992 -0.63439269655492203 0 -0.63439269655492203 0.77301093560037992 0 -0 0 -1 
1 -11.946967000000001 -25.946967000000001 1.3795999999999999 -0.63439269655493502 -0.77301093560036938 0 -0.77301093560036938 0.63439269655493502 0 -0 0 -1 
1 -11.958332 -25.937639999999998 1.3795999999999999 -0.47139642472660731 -0.88192143116888377 0 -0.88192143116888377 0.47139642472660731 0 -0 0 -1 
1 -11.971299 -25.930709 1.3795999999999999 -0.29029810034868692 -0.95693626377828522 0 -0.95693626377828522 0.29029810034868692 0 -0 0 -1 
1 -11.985367999999999 -25.926441000000001 1.3795999999999999 -0.098008638444574969 -0.9951855639981122 0 -0.9951855639981122 0.098008638444574969 0 -0 0 -1 
1 -12 -25.925000000000001 1.3795999999999999 0.098008638444574969 -0.9951855639981122 0 -0.9951855639981122 -0.098008638444574969 0 0 -0 -1 
1 -12.014632000000001 -25.926441000000001 1.3795999999999999 0.29029810034868692 -0.95693626377828522 0 -0.95693626377828522 -0.29029810034868692 0 0 -0 -1 
1 -12.028701 -25.930709 1.3795999999999999 0.47139642472660731 -0.88192143116888377 0 -0.88192143116888377 -0.47139642472660731 0 0 -0 -1 
1 -12.041668 -25.937639999999998 1.3795999999999999 0.63439269655493502 -0.77301093560036938 0 -0.77301093560036938 -0.63439269655493502 0 0 -0 -1 
1 -12.053032999999999 -25.946967000000001 1.3795999999999999 0.77301093560037992 -0.63439269655492203 0 -0.63439269655492203 -0.77301093560037992 0 0 -0 -1 
1 -12.06236 -25.958331999999999 1.3795999999999999 0.88192143116883348 -0.47139642472670124 0 -0.47139642472670124 -0.88192143116883348 0 0 -0 -1 
1 -12.069291 -25.971298999999998 1.3795999999999999 0.95693626377830554 -0.2902981003486198 0 -0.2902981003486198 -0.95693626377830554 0 0 -0 -1 
1 -12.073558999999999 -25.985368000000001 1.3795999999999999 0.99518556399811109 -0.098008638444586765 0 -0.098008638444586765 -0.99518556399811109 0 0 -0 -1 
1 -12.074999999999999 -26 1.3795999999999999 0.99518556399811109 0.098008638444586765 -0 0.098008638444586765 -0.99518556399811109 0 0 -0 -1 
1 -12.073558999999999 -26.014631999999999 1.3795999999999999 0.95693626377830554 0.2902981003486198 -0 0.2902981003486198 -0.95693626377830554 0 0 -0 -1 
1 -12.069291 -26.028701000000002 1.3795999999999999 0.88192143116883348 0.47139642472670124 -0 0.47139642472670124 -0.88192143116883348 0 0 -0 -1 
1 -12.06236 -26.041668000000001 1.3795999999999999 0.77301093560037992 0.63439269655492203 -0 0.63439269655492203 -0.77301093560037992 0 0 -0 -1 
1 -12.053032999999999 -26.053032999999999 1.3795999999999999 0.63439269655493502 0.77301093560036938 -0 0.77301093560036938 -0.63439269655493502 0 0 -0 -1 
1 -12.041668 -26.062360000000002 1.3795999999999999 0.47139642472660731 0.88192143116888377 -0 0.88192143116888377 -0.47139642472660731 0 0 -0 -1 
1 -12.028701 -26.069291 1.3795999999999999 0.29029810034868692 0.95693626377828522 -0 0.95693626377828522 -0.29029810034868692 0 0 -0 -1 
1 -12.014632000000001 -26.073558999999999 1.3795999999999999 0.098008638444574969 0.9951855639981122 -0 0.9951855639981122 -0.098008638444574969 0 0 -0 -1 
1 -12 -26.074999999999999 1.3795999999999999 -0.098008638444574969 0.9951855639981122 0 0.9951855639981122 0.098008638444574969 0 0 0 -1 
1 -11.985367999999999 -26.073558999999999 1.3795999999999999 -0.29029810034868692 0.95693626377828522 0 0.95693626377828522 0.29029810034868692 0 0 0 -1 
1 -10.785368 -23.673559000000001 1.3795999999999999 -0.29029810034868692 0.95693626377828522 0 0.95693626377828522 0.29029810034868692 0 0 0 -1 
1 -10.771299000000001 -23.669291000000001 1.3795999999999999 -0.47139642472674498 0.88192143116881017 0 0.88192143116881017 0.47139642472674498 0 0 0 -1 
1 -10.758331999999999 -23.66236 1.3795999999999999 -0.63439269655479058 0.77301093560048784 0 0.77301093560048784 0.63439269655479058 0 0 0 -1 
1 -10.746967 -23.653033000000001 1.3795999999999999 -0.77301093560053635 0.63439269655473129 0 0.63439269655473129 0.77301093560053635 0 0 0 -1 
1 -10.737640000000001 -23.641667999999999 1.3795999999999999 -0.8819214311687833 0.47139642472679522 0 0.47139642472679522 0.8819214311687833 0 0 0 -1 
1 -10.730708999999999 -23.628701 1.3795999999999999 -0.95693626377828522 0.29029810034868692 0 0.29029810034868692 0.95693626377828522 0 0 0 -1 
1 -10.726440999999999 -23.614632 1.3795999999999999 -0.99518556399811109 0.098008638444586765 0 0.098008638444586765 0.99518556399811109 0 0 0 -1 
1 -10.725 -23.600000000000001 1.3795999999999999 -0.99518556399811331 -0.098008638444563187 0 -0.098008638444563187 0.99518556399811331 0 -0 0 -1 
1 -10.726440999999999 -23.585367999999999 1.3795999999999999 -0.95693626377828522 -0.29029810034868692 0 -0.29029810034868692 0.95693626377828522 0 -0 0 -1 
1 -10.730708999999999 -23.571299 1.3795999999999999 -0.8819214311687833 -0.47139642472679522 0 -0.47139642472679522 0.8819214311687833 0 -0 0 -1 
1 -10.737640000000001 -23.558332 1.3795999999999999 -0.77301093560053635 -0.63439269655473129 0 -0.63439269655473129 0.77301093560053635 0 -0 0 -1 
1 -10.746967 -23.546966999999999 1.3795999999999999 -0.63439269655479058 -0.77301093560048784 0 -0.77301093560048784 0.63439269655479058 0 -0 0 -1 
1 -10.758331999999999 -23.53764 1.3795999999999999 -0.47139642472655707 -0.88192143116891064 0 -0.88192143116891064 0.47139642472655707 0 -0 0 -1 
1 -10.771299000000001 -23.530709000000002 1.3795999999999999 -0.29029810034890818 -0.95693626377821805 0 -0.95693626377821805 0.29029810034890818 0 -0 0 -1 
1 -10.785368 -23.526440999999998 1.3795999999999999 -0.098008638444574969 -0.9951855639981122 0 -0.9951855639981122 0.098008638444574969 0 -0 0 -1 
1 -10.800000000000001 -23.524999999999999 1.3795999999999999 0.098008638444586765 -0.99518556399811109 0 -0.99518556399811109 -0.098008638444586765 0 0 -0 -1 
1 -10.814632 -23.526440999999998 1.3795999999999999 0.2902981003488746 -0.95693626377822827 0 -0.95693626377822827 -0.2902981003488746 0 0 -0 -1 
1 -10.828701000000001 -23.530709000000002 1.3795999999999999 0.47139642472660731 -0.88192143116888377 0 -0.88192143116888377 -0.47139642472660731 0 0 -0 -1 
1 -10.841668 -23.53764 1.3795999999999999 0.63439269655479058 -0.77301093560048784 0 -0.77301093560048784 -0.63439269655479058 0 0 -0 -1 
1 -10.853033 -23.546966999999999 1.3795999999999999 0.77301093560047718 -0.63439269655480357 0 -0.63439269655480357 -0.77301093560047718 0 0 -0 -1 
1 -10.862360000000001 -23.558332 1.3795999999999999 0.88192143116883348 -0.47139642472670124 0 -0.47139642472670124 -0.88192143116883348 0 0 -0 -1 
1 -10.869291 -23.571299 1.3795999999999999 0.95693626377828522 -0.29029810034868692 0 -0.29029810034868692 -0.95693626377828522 0 0 -0 -1 
1 -10.873559 -23.585367999999999 1.3795999999999999 0.99518556399811331 -0.098008638444563187 0 -0.098008638444563187 -0.99518556399811331 0 0 -0 -1 
1 -10.875 -23.600000000000001 1.3795999999999999 0.99518556399811109 0.098008638444586765 -0 0.098008638444586765 -0.99518556399811109 0 0 -0 -1 
1 -10.873559 -23.614632 1.3795999999999999 0.95693626377828522 0.29029810034868692 -0 0.29029810034868692 -0.95693626377828522 0 0 -0 -1 
1 -10.869291 -23.628701 1.3795999999999999 0.88192143116883348 0.47139642472670124 -0 0.47139642472670124 -0.88192143116883348 0 0 -0 -1 
1 -10.862360000000001 -23.641667999999999 1.3795999999999999 0.77301093560047718 0.63439269655480357 -0 0.63439269655480357 -0.77301093560047718 0 0 -0 -1 
1 -10.853033 -23.653033000000001 1.3795999999999999 0.63439269655479058 0.77301093560048784 -0 0.77301093560048784 -0.63439269655479058 0 0 -0 -1 
1 -10.841668 -23.66236 1.3795999999999999 0.47139642472679522 0.8819214311687833 -0 0.8819214311687833 -0.47139642472679522 0 0 -0 -1 
1 -10.828701000000001 -23.669291000000001 1.3795999999999999 0.29029810034865333 0.95693626377829533 -0 0.95693626377829533 -0.29029810034865333 0 0 -0 -1 
1 -10.814632 -23.673559000000001 1.3795999999999999 0.098008638444586765 0.99518556399811109 -0 0.99518556399811109 -0.098008638444586765 0 0 -0 -1 
1 -10.800000000000001 -23.675000000000001 1.3795999999999999 -0.098008638444574969 0.9951855639981122 0 0.9951855639981122 0.098008638444574969 0 0 0 -1 
1 -9.8853679999999997 -13.973559 1.3795999999999999 -0.29029810034868692 0.95693626377828522 0 0.95693626377828522 0.29029810034868692 0 0 0 -1 
1 -9.8712990000000005 -13.969291 1.3795999999999999 -0.47139642472670124 0.88192143116883348 0 0.88192143116883348 0.47139642472670124 0 0 0 -1 
1 -9.8583320000000008 -13.96236 1.3795999999999999 -0.63439269655480357 0.77301093560047718 0 0.77301093560047718 0.63439269655480357 0 0 0 -1 
1 -9.8469669999999994 -13.953033 1.3795999999999999 -0.77301093560048784 0.63439269655479058 0 0.63439269655479058 0.77301093560048784 0 0 0 -1 
1 -9.8376400000000004 -13.941668 1.3795999999999999 -0.88192143116883348 0.47139642472670124 0 0.47139642472670124 0.88192143116883348 0 0 0 -1 
1 -9.8307090000000006 -13.928701 1.3795999999999999 -0.95693626377829533 0.29029810034865333 0 0.29029810034865333 0.95693626377829533 0 0 0 -1 
1 -9.8264410000000009 -13.914631999999999 1.3795999999999999 -0.99518556399809921 0.09800863844470642 0 0.09800863844470642 0.99518556399809921 0 0 0 -1 
1 -9.8249999999999993 -13.9 1.3795999999999999 -0.99518556399810043 -0.098008638444694623 0 -0.098008638444694623 0.99518556399810043 0 -0 0 -1 
1 -9.8264410000000009 -13.885368 1.3795999999999999 -0.95693626377828522 -0.29029810034868692 0 -0.29029810034868692 0.95693626377828522 0 -0 0 -1 
1 -9.8307090000000006 -13.871299 1.3795999999999999 -0.88192143116883348 -0.47139642472670124 0 -0.47139642472670124 0.88192143116883348 0 -0 0 -1 
1 -9.8376400000000004 -13.858332000000001 1.3795999999999999 -0.77301093560053635 -0.63439269655473129 0 -0.63439269655473129 0.77301093560053635 0 -0 0 -1 
1 -9.8469669999999994 -13.846966999999999 1.3795999999999999 -0.63439269655473129 -0.77301093560053635 0 -0.77301093560053635 0.63439269655473129 0 -0 0 -1 
1 -9.8583320000000008 -13.83764 1.3795999999999999 -0.47139642472670124 -0.88192143116883348 0 -0.88192143116883348 0.47139642472670124 0 -0 0 -1 
1 -9.8712990000000005 -13.830709000000001 1.3795999999999999 -0.29029810034868692 -0.95693626377828522 0 -0.95693626377828522 0.29029810034868692 0 -0 0 -1 
1 -9.8853679999999997 -13.826441000000001 1.3795999999999999 -0.098008638444694623 -0.99518556399810043 0 -0.99518556399810043 0.098008638444694623 0 -0 0 -1 
1 -9.9000000000000004 -13.824999999999999 1.3795999999999999 0.09800863844470642 -0.99518556399809921 0 -0.99518556399809921 -0.09800863844470642 0 0 -0 -1 
1 -9.9146319999999992 -13.826441000000001 1.3795999999999999 0.29029810034865333 -0.95693626377829533 0 -0.95693626377829533 -0.29029810034865333 0 0 -0 -1 
1 -9.9287010000000002 -13.830709000000001 1.3795999999999999 0.47139642472670124 -0.88192143116883348 0 -0.88192143116883348 -0.47139642472670124 0 0 -0 -1 
1 -9.9416679999999999 -13.83764 1.3795999999999999 0.63439269655479058 -0.77301093560048784 0 -0.77301093560048784 -0.63439269655479058 0 0 -0 -1 
1 -9.9530329999999996 -13.846966999999999 1.3795999999999999 0.77301093560047718 -0.63439269655480357 0 -0.63439269655480357 -0.77301093560047718 0 0 -0 -1 
1 -9.9623600000000003 -13.858332000000001 1.3795999999999999 0.88192143116883348 -0.47139642472670124 0 -0.47139642472670124 -0.88192143116883348 0 0 -0 -1 
1 -9.9692910000000001 -13.871299 1.3795999999999999 0.95693626377828522 -0.29029810034868692 0 -0.29029810034868692 -0.95693626377828522 0 0 -0 -1 
1 -9.9735589999999998 -13.885368 1.3795999999999999 0.9951855639981122 -0.098008638444574969 0 -0.098008638444574969 -0.9951855639981122 0 0 -0 -1 
1 -9.9749999999999996 -13.9 1.3795999999999999 0.99518556399811109 0.098008638444586765 -0 0.098008638444586765 -0.99518556399811109 0 0 -0 -1 
1 -9.9735589999999998 -13.914631999999999 1.3795999999999999 0.95693626377829533 0.29029810034865333 -0 0.29029810034865333 -0.95693626377829533 0 0 -0 -1 
1 -9.9692910000000001 -13.928701 1.3795999999999999 0.88192143116883348 0.47139642472670124 -0 0.47139642472670124 -0.88192143116883348 0 0 -0 -1 
1 -9.9623600000000003 -13.941668 1.3795999999999999 0.77301093560042866 0.63439269655486275 -0 0.63439269655486252 -0.77301093560042855 0 0 -0 -1 
1 -9.9530329999999996 -13.953033 1.3795999999999999 0.63439269655486275 0.77301093560042866 -0 0.77301093560042855 -0.63439269655486252 0 0 -0 -1 
1 -9.9416679999999999 -13.96236 1.3795999999999999 0.47139642472670124 0.88192143116883348 -0 0.88192143116883348 -0.47139642472670124 0 0 -0 -1 
1 -9.9287010000000002 -13.969291 1.3795999999999999 0.29029810034865333 0.95693626377829533 -0 0.95693626377829533 -0.29029810034865333 0 0 -0 -1 
1 -9.9146319999999992 -13.973559 1.3795999999999999 0.098008638444586765 0.99518556399811109 -0 0.99518556399811109 -0.098008638444586765 0 0 -0 -1 
1 -9.9000000000000004 -13.975 1.3795999999999999 -0.098008638444574969 0.9951855639981122 0 0.9951855639981122 0.098008638444574969 0 0 0 -1 
1 -7.7853680000000001 -11.873559 1.3795999999999999 -0.2902981003486701 0.95693626377829022 0 0.95693626377829022 0.2902981003486701 0 0 0 -1 
1 -7.771299 -11.869291 1.3795999999999999 -0.47139642472670124 0.88192143116883348 0 0.88192143116883348 0.47139642472670124 0 0 0 -1 
1 -7.7583320000000002 -11.862360000000001 1.3795999999999999 -0.6343926965548331 0.77301093560045286 0 0.77301093560045286 0.6343926965548331 0 0 0 -1 
1 -7.7469669999999997 -11.853033 1.3795999999999999 -0.77301093560045819 0.63439269655482666 0 0.63439269655482666 0.77301093560045819 0 0 0 -1 
1 -7.7376399999999999 -11.841668 1.3795999999999999 -0.88192143116883348 0.47139642472670124 0 0.47139642472670124 0.88192143116883348 0 0 0 -1 
1 -7.7307090000000001 -11.828701000000001 1.3795999999999999 -0.95693626377829533 0.29029810034865333 0 0.29029810034865333 0.95693626377829533 0 0 0 -1 
1 -7.7264410000000003 -11.814632 1.3795999999999999 -0.99518556399810509 0.098008638444646579 0 0.098008638444646579 0.99518556399810509 0 0 0 -1 
1 -7.7249999999999996 -11.800000000000001 1.3795999999999999 -0.99518556399810632 -0.098008638444634796 0 -0.098008638444634796 0.99518556399810632 0 -0 0 -1 
1 -7.7264410000000003 -11.785368 1.3795999999999999 -0.95693626377828522 -0.29029810034868692 0 -0.29029810034868692 0.95693626377828522 0 -0 0 -1 
1 -7.7307090000000001 -11.771299000000001 1.3795999999999999 -0.88192143116886035 -0.47139642472665105 0 -0.47139642472665105 0.88192143116886035 0 -0 0 -1 
1 -7.7376399999999999 -11.758331999999999 1.3795999999999999 -0.77301093560045819 -0.63439269655482666 0 -0.63439269655482666 0.77301093560045819 0 -0 0 -1 
1 -7.7469669999999997 -11.746967 1.3795999999999999 -0.63439269655476094 -0.77301093560051215 0 -0.77301093560051215 0.63439269655476094 0 -0 0 -1 
1 -7.7583320000000002 -11.737640000000001 1.3795999999999999 -0.47139642472679522 -0.8819214311687833 0 -0.8819214311687833 0.47139642472679522 0 -0 0 -1 
1 -7.771299 -11.730708999999999 1.3795999999999999 -0.2902981003486701 -0.95693626377829022 0 -0.95693626377829022 0.2902981003486701 0 -0 0 -1 
1 -7.7853680000000001 -11.726440999999999 1.3795999999999999 -0.098008638444580867 -0.99518556399811164 0 -0.99518556399811164 0.098008638444580867 0 -0 0 -1 
1 -7.7999999999999998 -11.725 1.3795999999999999 0.098008638444580867 -0.99518556399811164 0 -0.99518556399811164 -0.098008638444580867 0 0 -0 -1 
1 -7.8146319999999996 -11.726440999999999 1.3795999999999999 0.2902981003486701 -0.95693626377829022 0 -0.95693626377829022 -0.2902981003486701 0 0 -0 -1 
1 -7.8287009999999997 -11.730708999999999 1.3795999999999999 0.47139642472677012 -0.88192143116879673 0 -0.88192143116879673 -0.47139642472677012 0 0 -0 -1 
1 -7.8416680000000003 -11.737640000000001 1.3795999999999999 0.63439269655479058 -0.77301093560048784 0 -0.77301093560048784 -0.63439269655479058 0 0 -0 -1 
1 -7.8530329999999999 -11.746967 1.3795999999999999 0.77301093560045819 -0.63439269655482666 0 -0.63439269655482666 -0.77301093560045819 0 0 -0 -1 
1 -7.8623599999999998 -11.758331999999999 1.3795999999999999 0.88192143116886035 -0.47139642472665105 0 -0.47139642472665105 -0.88192143116886035 0 0 -0 -1 
1 -7.8692909999999996 -11.771299000000001 1.3795999999999999 0.95693626377826835 -0.29029810034874221 0 -0.29029810034874221 -0.95693626377826835 0 0 -0 -1 
1 -7.8735590000000002 -11.785368 1.3795999999999999 0.9951855639981122 -0.098008638444574969 0 -0.098008638444574969 -0.9951855639981122 0 0 -0 -1 
1 -7.875 -11.800000000000001 1.3795999999999999 0.99518556399811109 0.098008638444586765 -0 0.098008638444586765 -0.99518556399811109 0 0 -0 -1 
1 -7.8735590000000002 -11.814632 1.3795999999999999 0.95693626377827856 0.29029810034870868 -0 0.29029810034870868 -0.95693626377827856 0 0 -0 -1 
1 -7.8692909999999996 -11.828701000000001 1.3795999999999999 0.88192143116883348 0.47139642472670124 -0 0.47139642472670124 -0.88192143116883348 0 0 -0 -1 
1 -7.8623599999999998 -11.841668 1.3795999999999999 0.77301093560045819 0.63439269655482666 -0 0.63439269655482666 -0.77301093560045819 0 0 -0 -1 
1 -7.8530329999999999 -11.853033 1.3795999999999999 0.63439269655486275 0.77301093560042866 -0 0.77301093560042855 -0.63439269655486252 0 0 -0 -1 
1 -7.8416680000000003 -11.862360000000001 1.3795999999999999 0.47139642472667614 0.88192143116884691 -0 0.88192143116884691 -0.47139642472667614 0 0 -0 -1 
1 -7.8287009999999997 -11.869291 1.3795999999999999 0.2902981003486701 0.95693626377829022 -0 0.95693626377829022 -0.2902981003486701 0 0 -0 -1 
1 -7.8146319999999996 -11.873559 1.3795999999999999 0.098008638444580867 0.99518556399811164 -0 0.99518556399811164 -0.098008638444580867 0 0 -0 -1 
1 -7.7999999999999998 -11.875 1.3795999999999999 -0.098008638444580867 0.99518556399811164 0 0.99518556399811164 0.098008638444580867 0 0 0 -1 
1 -7.4853680000000002 -11.573558999999999 1.3795999999999999 -0.2902981003486701 0.95693626377829022 0 0.95693626377829022 0.2902981003486701 0 0 0 -1 
1 -7.4712990000000001 -11.569291 1.3795999999999999 -0.47139642472670124 0.88192143116883348 0 0.88192143116883348 0.47139642472670124 0 0 0 -1 
1 -7.4583320000000004 -11.56236 1.3795999999999999 -0.6343926965548331 0.77301093560045286 0 0.77301093560045286 0.6343926965548331 0 0 0 -1 
1 -7.4469669999999999 -11.553032999999999 1.3795999999999999 -0.77301093560045819 0.63439269655482666 0 0.63439269655482666 0.77301093560045819 0 0 0 -1 
1 -7.43764 -11.541668 1.3795999999999999 -0.88192143116883348 0.47139642472670124 0 0.47139642472670124 0.88192143116883348 0 0 0 -1 
1 -7.4307090000000002 -11.528701 1.3795999999999999 -0.95693626377826835 0.29029810034874221 0 0.29029810034874221 0.95693626377826835 0 0 0 -1 
1 -7.4264409999999996 -11.514632000000001 1.3795999999999999 -0.9951855639981122 0.098008638444574969 0 0.098008638444574969 0.9951855639981122 0 0 0 -1 
1 -7.4249999999999998 -11.5 1.3795999999999999 -0.9951855639981122 -0.098008638444574969 0 -0.098008638444574969 0.9951855639981122 0 -0 0 -1 
1 -7.4264409999999996 -11.485367999999999 1.3795999999999999 -0.95693626377826835 -0.29029810034874221 0 -0.29029810034874221 0.95693626377826835 0 -0 0 -1 
1 -7.4307090000000002 -11.471299 1.3795999999999999 -0.88192143116883348 -0.47139642472670124 0 -0.47139642472670124 0.88192143116883348 0 -0 0 -1 
1 -7.43764 -11.458332 1.3795999999999999 -0.77301093560045819 -0.63439269655482666 0 -0.63439269655482666 0.77301093560045819 0 -0 0 -1 
1 -7.4469669999999999 -11.446967000000001 1.3795999999999999 -0.6343926965548331 -0.77301093560045286 0 -0.77301093560045286 0.6343926965548331 0 -0 0 -1 
1 -7.4583320000000004 -11.43764 1.3795999999999999 -0.47139642472670124 -0.88192143116883348 0 -0.88192143116883348 0.47139642472670124 0 -0 0 -1 
1 -7.4712990000000001 -11.430709 1.3795999999999999 -0.2902981003486701 -0.95693626377829022 0 -0.95693626377829022 0.2902981003486701 0 -0 0 -1 
1 -7.4853680000000002 -11.426441000000001 1.3795999999999999 -0.098008638444580867 -0.99518556399811164 0 -0.99518556399811164 0.098008638444580867 0 -0 0 -1 
1 -7.5 -11.425000000000001 1.3795999999999999 0.098008638444580867 -0.99518556399811164 0 -0.99518556399811164 -0.098008638444580867 0 0 -0 -1 
1 -7.5146319999999998 -11.426441000000001 1.3795999999999999 0.2902981003486701 -0.95693626377829022 0 -0.95693626377829022 -0.2902981003486701 0 0 -0 -1 
1 -7.5287009999999999 -11.430709 1.3795999999999999 0.47139642472670124 -0.88192143116883348 0 -0.88192143116883348 -0.47139642472670124 0 0 -0 -1 
1 -7.5416679999999996 -11.43764 1.3795999999999999 0.6343926965548331 -0.77301093560045286 0 -0.77301093560045286 -0.6343926965548331 0 0 -0 -1 
1 -7.5530330000000001 -11.446967000000001 1.3795999999999999 0.77301093560045819 -0.63439269655482666 0 -0.63439269655482666 -0.77301093560045819 0 0 -0 -1 
1 -7.56236 -11.458332 1.3795999999999999 0.88192143116883348 -0.47139642472670124 0 -0.47139642472670124 -0.88192143116883348 0 0 -0 -1 
1 -7.5692909999999998 -11.471299 1.3795999999999999 0.95693626377826835 -0.29029810034874221 0 -0.29029810034874221 -0.95693626377826835 0 0 -0 -1 
1 -7.5735590000000004 -11.485367999999999 1.3795999999999999 0.9951855639981122 -0.098008638444574969 0 -0.098008638444574969 -0.9951855639981122 0 0 -0 -1 
1 -7.5750000000000002 -11.5 1.3795999999999999 0.9951855639981122 0.098008638444574969 -0 0.098008638444574969 -0.9951855639981122 0 0 -0 -1 
1 -7.5735590000000004 -11.514632000000001 1.3795999999999999 0.95693626377826835 0.29029810034874221 -0 0.29029810034874221 -0.95693626377826835 0 0 -0 -1 
1 -7.5692909999999998 -11.528701 1.3795999999999999 0.88192143116883348 0.47139642472670124 -0 0.47139642472670124 -0.88192143116883348 0 0 -0 -1 
1 -7.56236 -11.541668 1.3795999999999999 0.77301093560045819 0.63439269655482666 -0 0.63439269655482666 -0.77301093560045819 0 0 -0 -1 
1 -7.5530330000000001 -11.553032999999999 1.3795999999999999 0.6343926965548331 0.77301093560045286 -0 0.77301093560045286 -0.6343926965548331 0 0 -0 -1 
1 -7.5416679999999996 -11.56236 1.3795999999999999 0.47139642472670124 0.88192143116883348 -0 0.88192143116883348 -0.47139642472670124 0 0 -0 -1 
1 -7.5287009999999999 -11.569291 1.3795999999999999 0.2902981003486701 0.95693626377829022 -0 0.95693626377829022 -0.2902981003486701 0 0 -0 -1 
1 -7.5146319999999998 -11.573558999999999 1.3795999999999999 0.098008638444580867 0.99518556399811164 -0 0.99518556399811164 -0.098008638444580867 0 0 -0 -1 
1 -7.5 -11.574999999999999 1.3795999999999999 -0.098008638444580867 0.99518556399811164 0 0.99518556399811164 0.098008638444580867 0 0 0 -1 
1 -10.569031465541094 -18.589530077344442 1.3795999999999942 0 0 1 1 0 -0 -0 1 0 
Triangulations 0

TShapes 2048
Ve
1e-07
-10.770736 -23.747118 1.3796
0 0

0101101
*
Ed
 1e-07 1 1 0
1  1 0 0 0.0152000000000001
0

0101000
+2048 0 -2048 1 *
Ve
1e-07
-10.742597 -23.738582 1.3796
0 0

0101101
*
Ed
 1e-07 1 1 0
1  2 0 0 0.0152000000000001
0

0101000
+2046 0 -2046 1 *
Ed
 1e-07 1 1 0
1  3 0 0 0.0294052141124658
0

0101000
+2048 0 -2046 0 *
Wi

0101100
+2047 0 -2045 0 -2044 0 +2044 1 *
Fa
0  1e-07 1 0

0101000
+2043 0 *
Ve
1e-07
-10.716664 -23.72472 1.3796
0 0

0101101
*
Ed
 1e-07 1 1 0
1  4 0 0 0.0152000000000001
0

0101000
+2041 0 -2041 1 *
Ed
 1e-07 1 1 0
1  5 0 0 0.0294053657178414
0

0101000
+2046 0 -2041 0 *
Wi

0101100
+2045 0 -2040 0 -2039 0 +2039 1 *
Fa
0  1e-07 2 0

0101000
+2038 0 *
Ve
1e-07
-10.693934 -23.706066 1.3796
0 0

0101101
*
Ed
 1e-07 1 1 0
1  6 0 0 0.0152000000000001
0

0101000
+2036 0 -2036 1 *
Ed
 1e-07 1 1 0
1  7 0 0 0.0294044999277325
0

0101000
+2041 0 -2036 0 *
Wi

0101100
+2040 0 -2035 0 -2034 0 +2034 1 *
Fa
0  1e-07 3 0

0101000
+2033 0 *
Ve
1e-07
-10.67528 -23.683336 1.3796
0 0

0101101
*
Ed
 1e-07 1 1 0
1  8 0 0 0.0152000000000001
0

0101000
+2031 0 -2031 1 *
Ed
 1e-07 1 1 0
1  9 0 0 0.0294044999277314
0

0101000
+2036 0 -2031 0 *
Wi

0101100
+2035 0 -2030 0 -2029 0 +2029 1 *
Fa
0  1e-07 4 0

0101000
+2028 0 *
Ve
1e-07
-10.661418 -23.657403 1.3796
0 0

0101101
*
Ed
 1e-07 1 1 0
1  10 0 0 0.0152000000000001
0

0101000
+2026 0 -2026 1 *
Ed
 1e-07 1 1 0
1  11 0 0 0.0294053657178438
0

0101000
+2031 0 -2026 0 *
Wi

0101100
+2030 0 -2025 0 -2024 0 +2024 1 *
Fa
0  1e-07 5 0

0101000
+2023 0 *
Ve
1e-07
-10.652882 -23.629264 1.3796
0 0

0101101
*
Ed
 1e-07 1 1 0
1  12 0 0 0.0152000000000001
0

0101000
+2021 0 -2021 1 *
Ed
 1e-07 1 1 0
1  13 0 0 0.0294052141124658
0

0101000
+2026 0 -2021 0 *
Wi

0101100
+2025 0 -2020 0 -2019 0 +2019 1 *
Fa
0  1e-07 6 0

0101000
+2018 0 *
Ve
1e-07
-10.65 -23.6 1.3796
0 0

0101101
*
Ed
 1e-07 1 1 0
1  14 0 0 0.0152000000000001
0

0101000
+2016 0 -2016 1 *
Ed
 1e-07 1 1 0
1  15 0 0 0.0294055712408357
0

0101000
+2021 0 -2016 0 *
Wi

0101100
+2020 0 -2015 0 -2014 0 +2014 1 *
Fa
0  1e-07 7 0

0101000
+2013 0 *
Ve
1e-07
-10.652882 -23.570736 1.3796
0 0

0101101
*
Ed
 1e-07 1 1 0
1  16 0 0 0.0152000000000001
0

0101000
+2011 0 -2011 1 *
Ed
 1e-07 1 1 0
1  17 0 0 0.0294055712408393
0

0101000
+2016 0 -2011 0 *
Wi

0101100
+2015 0 -2010 0 -2009 0 +2009 1 *
Fa
0  1e-07 8 0

0101000
+2008 0 *
Ve
1e-07
-10.661418 -23.542597 1.3796
0 0

0101101
*
Ed
 1e-07 1 1 0
1  18 0 0 0.0152000000000001
0

0101000
+2006 0 -2006 1 *
Ed
 1e-07 1 1 0
1  19 0 0 0.0294052141124658
0

0101000
+2011 0 -2006 0 *
Wi

0101100
+2010 0 -2005 0 -2004 0 +2004 1 *
Fa
0  1e-07 9 0

0101000
+2003 0 *
Ve
1e-07
-10.67528 -23.516664 1.3796
0 0

0101101
*
Ed
 1e-07 1 1 0
1  20 0 0 0.0152000000000001
0

0101000
+2001 0 -2001 1 *
Ed
 1e-07 1 1 0
1  21 0 0 0.0294053657178438
0

0101000
+2006 0 -2001 0 *
Wi

0101100
+2005 0 -2000 0 -1999 0 +1999 1 *
Fa
0  1e-07 10 0

0101000
+1998 0 *
Ve
1e-07
-10.693934 -23.493934 1.3796
0 0

0101101
*
Ed
 1e-07 1 1 0
1  22 0 0 0.0152000000000001
0

0101000
+1996 0 -1996 1 *
Ed
 1e-07 1 1 0
1  23 0 0 0.0294044999277314
0

0101000
+2001 0 -1996 0 *
Wi

0101100
+2000 0 -1995 0 -1994 0 +1994 1 *
Fa
0  1e-07 11 0

0101000
+1993 0 *
Ve
1e-07
-10.716664 -23.47528 1.3796
0 0

0101101
*
Ed
 1e-07 1 1 0
1  24 0 0 0.0152000000000001
0

0101000
+1991 0 -1991 1 *
Ed
 1e-07 1 1 0
1  25 0 0 0.0294044999277303
0

0101000
+1996 0 -1991 0 *
Wi

0101100
+1995 0 -1990 0 -1989 0 +1989 1 *
Fa
0  1e-07 12 0

0101000
+1988 0 *
Ve
1e-07
-10.742597 -23.461418 1.3796
0 0

0101101
*
Ed
 1e-07 1 1 0
1  26 0 0 0.0152000000000001
0

0101000
+1986 0 -1986 1 *
Ed
 1e-07 1 1 0
1  27 0 0 0.029405365717843
0

0101000
+1991 0 -1986 0 *
Wi

0101100
+1990 0 -1985 0 -1984 0 +1984 1 *
Fa
0  1e-07 13 0

0101000
+1983 0 *
Ve
1e-07
-10.770736 -23.452882 1.3796
0 0

0101101
*
Ed
 1e-07 1 1 0
1  28 0 0 0.0152000000000001
0

0101000
+1981 0 -1981 1 *
Ed
 1e-07 1 1 0
1  29 0 0 0.0294052141124658
0

0101000
+1986 0 -1981 0 *
Wi

0101100
+1985 0 -1980 0 -1979 0 +1979 1 *
Fa
0  1e-07 14 0

0101000
+1978 0 *
Ve
1e-07
-10.797204 -23.450275 1.3796
0 0

0101101
*
Ed
 1e-07 1 1 0
1  30 0 0 0.0152000000000001
0

0101000
+1976 0 -1976 1 *
Ed
 1e-07 1 1 0
1  31 0 0 0.0265960800307123
0

0101000
+1981 0 -1976 0 *
Wi

0101100
+1980 0 -1975 0 -1974 0 +1974 1 *
Fa
0  1e-07 15 0

0101000
+1973 0 *
Ve
1e-07
-10.95 -22.991886 1.3796
0 0

0101101
*
Ed
 1e-07 1 1 0
1  32 0 0 0.0152000000000001
0

0101000
+1971 0 -1971 1 *
Ed
 1e-07 1 1 0
1  33 0 0 0.483184326046489
0

0101000
+1976 0 -1971 0 *
Wi

0101100
+1975 0 -1970 0 -1969 0 +1969 1 *
Fa
0  1e-07 16 0

0101000
+1968 0 *
Ve
1e-07
-10.95 -14.821662 1.3796
0 0

0101101
*
Ed
 1e-07 1 1 0
1  34 0 0 0.0152000000000001
0

0101000
+1966 0 -1966 1 *
Ed
 1e-07 1 1 0
1  35 0 0 8.170224
0

0101000
+1971 0 -1966 0 *
Wi

0101100
+1970 0 -1965 0 -1964 0 +1964 1 *
Fa
0  1e-07 17 0

0101000
+1963 0 *
Ve
1e-07
-10.567805 -14.463354 1.3796
0 0

0101101
*
Ed
 1e-07 1 1 0
1  36 0 0 0.0152000000000001
0

0101000
+1961 0 -1961 1 *
Ed
 1e-07 1 1 0
1  37 0 0 0.523887049743548
0

0101000
+1966 0 -1961 0 *
Wi

0101100
+1965 0 -1960 0 -1959 0 +1959 1 *
Fa
0  1e-07 18 0

0101000
+1958 0 *
Ve
1e-07
-9.983117 -14.024837 1.3796
0 0

0101101
*
Ed
 1e-07 1 1 0
1  38 0 0 0.0152000000000001
0

0101000
+1956 0 -1956 1 *
Ed
 1e-07 1 1 0
1  39 0 0 0.730860600000438
0

0101000
+1961 0 -1956 0 *
Wi

0101100
+1960 0 -1955 0 -1954 0 +1954 1 *
Fa
0  1e-07 19 0

0101000
+1953 0 *
Ve
1e-07
-9.957403 -14.038582 1.3796
0 0

0101101
*
Ed
 1e-07 1 1 0
1  40 0 0 0.0152000000000001
0

0101000
+1951 0 -1951 1 *
Ed
 1e-07 1 1 0
1  41 0 0 0.0291570715436245
0

0101000
+1956 0 -1951 0 *
Wi

0101100
+1955 0 -1950 0 -1949 0 +1949 1 *
Fa
0  1e-07 20 0

0101000
+1948 0 *
Ve
1e-07
-9.929264 -14.047118 1.3796
0 0

0101101
*
Ed
 1e-07 1 1 0
1  42 0 0 0.0152000000000001
0

0101000
+1946 0 -1946 1 *
Ed
 1e-07 1 1 0
1  43 0 0 0.0294052141124658
0

0101000
+1951 0 -1946 0 *
Wi

0101100
+1950 0 -1945 0 -1944 0 +1944 1 *
Fa
0  1e-07 21 0

0101000
+1943 0 *
Ve
1e-07
-9.9 -14.05 1.3796
0 0

0101101
*
Ed
 1e-07 1 1 0
1  44 0 0 0.0152000000000001
0

0101000
+1941 0 -1941 1 *
Ed
 1e-07 1 1 0
1  45 0 0 0.0294055712408377
0

0101000
+1946 0 -1941 0 *
Wi

0101100
+1945 0 -1940 0 -1939 0 +1939 1 *
Fa
0  1e-07 22 0

0101000
+1938 0 *
Ve
1e-07
-9.870736 -14.047118 1.3796
0 0

0101101
*
Ed
 1e-07 1 1 0
1  46 0 0 0.0152000000000001
0

0101000
+1936 0 -1936 1 *
Ed
 1e-07 1 1 0
1  47 0 0 0.0294055712408377
0

0101000
+1941 0 -1936 0 *
Wi

0101100
+1940 0 -1935 0 -1934 0 +1934 1 *
Fa
0  1e-07 23 0

0101000
+1933 0 *
Ve
1e-07
-9.842597 -14.038582 1.3796
0 0

0101101
*
Ed
 1e-07 1 1 0
1  48 0 0 0.0152000000000001
0

0101000
+1931 0 -1931 1 *
Ed
 1e-07 1 1 0
1  49 0 0 0.0294052141124675
0

0101000
+1936 0 -1931 0 *
Wi

0101100
+1935 0 -1930 0 -1929 0 +1929 1 *
Fa
0  1e-07 24 0

0101000
+1928 0 *
Ve
1e-07
-9.816664 -14.02472 1.3796
0 0

0101101
*
Ed
 1e-07 1 1 0
1  50 0 0 0.0152000000000001
0

0101000
+1926 0 -1926 1 *
Ed
 1e-07 1 1 0
1  51 0 0 0.0294053657178414
0

0101000
+1931 0 -1926 0 *
Wi

0101100
+1930 0 -1925 0 -1924 0 +1924 1 *
Fa
0  1e-07 25 0

0101000
+1923 0 *
Ve
1e-07
-9.793934 -14.006066 1.3796
0 0

0101101
*
Ed
 1e-07 1 1 0
1  52 0 0 0.0152000000000001
0

0101000
+1921 0 -1921 1 *
Ed
 1e-07 1 1 0
1  53 0 0 0.0294044999277314
0

0101000
+1926 0 -1921 0 *
Wi

0101100
+1925 0 -1920 0 -1919 0 +1919 1 *
Fa
0  1e-07 26 0

0101000
+1918 0 *
Ve
1e-07
-9.77528 -13.983336 1.3796
0 0

0101101
*
Ed
 1e-07 1 1 0
1  54 0 0 0.0152000000000001
0

0101000
+1916 0 -1916 1 *
Ed
 1e-07 1 1 0
1  55 0 0 0.0294044999277328
0

0101000
+1921 0 -1916 0 *
Wi

0101100
+1920 0 -1915 0 -1914 0 +1914 1 *
Fa
0  1e-07 27 0

0101000
+1913 0 *
Ve
1e-07
-9.761418 -13.957403 1.3796
0 0

0101101
*
Ed
 1e-07 1 1 0
1  56 0 0 0.0152000000000001
0

0101000
+1911 0 -1911 1 *
Ed
 1e-07 1 1 0
1  57 0 0 0.0294053657178414
0

0101000
+1916 0 -1911 0 *
Wi

0101100
+1915 0 -1910 0 -1909 0 +1909 1 *
Fa
0  1e-07 28 0

0101000
+1908 0 *
Ve
1e-07
-9.752882 -13.929264 1.3796
0 0

0101101
*
Ed
 1e-07 1 1 0
1  58 0 0 0.0152000000000001
0

0101000
+1906 0 -1906 1 *
Ed
 1e-07 1 1 0
1  59 0 0 0.0294052141124664
0

0101000
+1911 0 -1906 0 *
Wi

0101100
+1910 0 -1905 0 -1904 0 +1904 1 *
Fa
0  1e-07 29 0

0101000
+1903 0 *
Ve
1e-07
-9.75 -13.9 1.3796
0 0

0101101
*
Ed
 1e-07 1 1 0
1  60 0 0 0.0152000000000001
0

0101000
+1901 0 -1901 1 *
Ed
 1e-07 1 1 0
1  61 0 0 0.0294055712408375
0

0101000
+1906 0 -1901 0 *
Wi

0101100
+1905 0 -1900 0 -1899 0 +1899 1 *
Fa
0  1e-07 30 0

0101000
+1898 0 *
Ve
1e-07
-9.752882 -13.870736 1.3796
0 0

0101101
*
Ed
 1e-07 1 1 0
1  62 0 0 0.0152000000000001
0

0101000
+1896 0 -1896 1 *
Ed
 1e-07 1 1 0
1  63 0 0 0.0294055712408375
0

0101000
+1901 0 -1896 0 *
Wi

0101100
+1900 0 -1895 0 -1894 0 +1894 1 *
Fa
0  1e-07 31 0

0101000
+1893 0 *
Ve
1e-07
-9.761418 -13.842597 1.3796
0 0

0101101
*
Ed
 1e-07 1 1 0
1  64 0 0 0.0152000000000001
0

0101000
+1891 0 -1891 1 *
Ed
 1e-07 1 1 0
1  65 0 0 0.0294052141124681
0

0101000
+1896 0 -1891 0 *
Wi

0101100
+1895 0 -1890 0 -1889 0 +1889 1 *
Fa
0  1e-07 32 0

0101000
+1888 0 *
Ve
1e-07
-9.77528 -13.816664 1.3796
0 0

0101101
*
Ed
 1e-07 1 1 0
1  66 0 0 0.0152000000000001
0

0101000
+1886 0 -1886 1 *
Ed
 1e-07 1 1 0
1  67 0 0 0.0294053657178414
0

0101000
+1891 0 -1886 0 *
Wi

0101100
+1890 0 -1885 0 -1884 0 +1884 1 *
Fa
0  1e-07 33 0

0101000
+1883 0 *
Ve
1e-07
-9.793934 -13.793934 1.3796
0 0

0101101
*
Ed
 1e-07 1 1 0
1  68 0 0 0.0152000000000001
0

0101000
+1881 0 -1881 1 *
Ed
 1e-07 1 1 0
1  69 0 0 0.0294044999277314
0

0101000
+1886 0 -1881 0 *
Wi

0101100
+1885 0 -1880 0 -1879 0 +1879 1 *
Fa
0  1e-07 34 0

0101000
+1878 0 *
Ve
1e-07
-9.816664 -13.77528 1.3796
0 0

0101101
*
Ed
 1e-07 1 1 0
1  70 0 0 0.0152000000000001
0

0101000
+1876 0 -1876 1 *
Ed
 1e-07 1 1 0
1  71 0 0 0.0294044999277314
0

0101000
+1881 0 -1876 0 *
Wi

0101100
+1880 0 -1875 0 -1874 0 +1874 1 *
Fa
0  1e-07 35 0

0101000
+1873 0 *
Ve
1e-07
-9.827615 -13.769426 1.3796
0 0

0101101
*
Ed
 1e-07 1 1 0
1  72 0 0 0.0152000000000001
0

0101000
+1871 0 -1871 1 *
Ed
 1e-07 1 1 0
1  73 0 0 0.0124174762733827
0

0101000
+1876 0 -1871 0 *
Wi

0101100
+1875 0 -1870 0 -1869 0 +1869 1 *
Fa
0  1e-07 36 0

0101000
+1868 0 *
Ve
1e-07
-7.868429 -11.932688 1.3796
0 0

0101101
*
Ed
 1e-07 1 1 0
1  74 0 0 0.0152000000000001
0

0101000
+1866 0 -1866 1 *
Ed
 1e-07 1 1 0
1  75 0 0 2.68551973800976
0

0101000
+1871 0 -1866 0 *
Wi

0101100
+1870 0 -1865 0 -1864 0 +1864 1 *
Fa
0  1e-07 37 0

0101000
+1863 0 *
Ve
1e-07
-7.857403 -11.938582 1.3796
0 0

0101101
*
Ed
 1e-07 1 1 0
1  76 0 0 0.0152000000000001
0

0101000
+1861 0 -1861 1 *
Ed
 1e-07 1 1 0
1  77 0 0 0.0125024762347305
0

0101000
+1866 0 -1861 0 *
Wi

0101100
+1865 0 -1860 0 -1859 0 +1859 1 *
Fa
0  1e-07 38 0

0101000
+1858 0 *
Ve
1e-07
-7.829264 -11.947118 1.3796
0 0

0101101
*
Ed
 1e-07 1 1 0
1  78 0 0 0.0152000000000001
0

0101000
+1856 0 -1856 1 *
Ed
 1e-07 1 1 0
1  79 0 0 0.0294052141124658
0

0101000
+1861 0 -1856 0 *
Wi

0101100
+1860 0 -1855 0 -1854 0 +1854 1 *
Fa
0  1e-07 39 0

0101000
+1853 0 *
Ve
1e-07
-7.8 -11.95 1.3796
0 0

0101101
*
Ed
 1e-07 1 1 0
1  80 0 0 0.0152000000000001
0

0101000
+1851 0 -1851 1 *
Ed
 1e-07 1 1 0
1  81 0 0 0.0294055712408384
0

0101000
+1856 0 -1851 0 *
Wi

0101100
+1855 0 -1850 0 -1849 0 +1849 1 *
Fa
0  1e-07 40 0

0101000
+1848 0 *
Ve
1e-07
-7.770736 -11.947118 1.3796
0 0

0101101
*
Ed
 1e-07 1 1 0
1  82 0 0 0.0152000000000001
0

0101000
+1846 0 -1846 1 *
Ed
 1e-07 1 1 0
1  83 0 0 0.0294055712408375
0

0101000
+1851 0 -1846 0 *
Wi

0101100
+1850 0 -1845 0 -1844 0 +1844 1 *
Fa
0  1e-07 41 0

0101000
+1843 0 *
Ve
1e-07
-7.742597 -11.938582 1.3796
0 0

0101101
*
Ed
 1e-07 1 1 0
1  84 0 0 0.0152000000000001
0

0101000
+1841 0 -1841 1 *
Ed
 1e-07 1 1 0
1  85 0 0 0.0294052141124667
0

0101000
+1846 0 -1841 0 *
Wi

0101100
+1845 0 -1840 0 -1839 0 +1839 1 *
Fa
0  1e-07 42 0

0101000
+1838 0 *
Ve
1e-07
-7.716664 -11.92472 1.3796
0 0

0101101
*
Ed
 1e-07 1 1 0
1  86 0 0 0.0152000000000001
0

0101000
+1836 0 -1836 1 *
Ed
 1e-07 1 1 0
1  87 0 0 0.0294053657178414
0

0101000
+1841 0 -1836 0 *
Wi

0101100
+1840 0 -1835 0 -1834 0 +1834 1 *
Fa
0  1e-07 43 0

0101000
+1833 0 *
Ve
1e-07
-7.693934 -11.906066 1.3796
0 0

0101101
*
Ed
 1e-07 1 1 0
1  88 0 0 0.0152000000000001
0

0101000
+1831 0 -1831 1 *
Ed
 1e-07 1 1 0
1  89 0 0 0.0294044999277332
0

0101000
+1836 0 -1831 0 *
Wi

0101100
+1835 0 -1830 0 -1829 0 +1829 1 *
Fa
0  1e-07 44 0

0101000
+1828 0 *
Ve
1e-07
-7.67528 -11.883336 1.3796
0 0

0101101
*
Ed
 1e-07 1 1 0
1  90 0 0 0.0152000000000001
0

0101000
+1826 0 -1826 1 *
Ed
 1e-07 1 1 0
1  91 0 0 0.0294044999277314
0

0101000
+1831 0 -1826 0 *
Wi

0101100
+1830 0 -1825 0 -1824 0 +1824 1 *
Fa
0  1e-07 45 0

0101000
+1823 0 *
Ve
1e-07
-7.661418 -11.857403 1.3796
0 0

0101101
*
Ed
 1e-07 1 1 0
1  92 0 0 0.0152000000000001
0

0101000
+1821 0 -1821 1 *
Ed
 1e-07 1 1 0
1  93 0 0 0.0294053657178414
0

0101000
+1826 0 -1821 0 *
Wi

0101100
+1825 0 -1820 0 -1819 0 +1819 1 *
Fa
0  1e-07 46 0

0101000
+1818 0 *
Ve
1e-07
-7.652882 -11.829264 1.3796
0 0

0101101
*
Ed
 1e-07 1 1 0
1  94 0 0 0.0152000000000001
0

0101000
+1816 0 -1816 1 *
Ed
 1e-07 1 1 0
1  95 0 0 0.0294052141124661
0

0101000
+1821 0 -1816 0 *
Wi

0101100
+1820 0 -1815 0 -1814 0 +1814 1 *
Fa
0  1e-07 47 0

0101000
+1813 0 *
Ve
1e-07
-7.65 -11.8 1.3796
0 0

0101101
*
Ed
 1e-07 1 1 0
1  96 0 0 0.0152000000000001
0

0101000
+1811 0 -1811 1 *
Ed
 1e-07 1 1 0
1  97 0 0 0.0294055712408375
0

0101000
+1816 0 -1811 0 *
Wi

0101100
+1815 0 -1810 0 -1809 0 +1809 1 *
Fa
0  1e-07 48 0

0101000
+1808 0 *
Ve
1e-07
-7.652882 -11.770736 1.3796
0 0

0101101
*
Ed
 1e-07 1 1 0
1  98 0 0 0.0152000000000001
0

0101000
+1806 0 -1806 1 *
Ed
 1e-07 1 1 0
1  99 0 0 0.0294055712408393
0

0101000
+1811 0 -1806 0 *
Wi

0101100
+1810 0 -1805 0 -1804 0 +1804 1 *
Fa
0  1e-07 49 0

0101000
+1803 0 *
Ve
1e-07
-7.661418 -11.742597 1.3796
0 0

0101101
*
Ed
 1e-07 1 1 0
1  100 0 0 0.0152000000000001
0

0101000
+1801 0 -1801 1 *
Ed
 1e-07 1 1 0
1  101 0 0 0.0294052141124661
0

0101000
+1806 0 -1801 0 *
Wi

0101100
+1805 0 -1800 0 -1799 0 +1799 1 *
Fa
0  1e-07 50 0

0101000
+1798 0 *
Ve
1e-07
-7.669124 -11.72818 1.3796
0 0

0101101
*
Ed
 1e-07 1 1 0
1  102 0 0 0.0152000000000001
0

0101000
+1796 0 -1796 1 *
Ed
 1e-07 1 1 0
1  103 0 0 0.0163472421221438
0

0101000
+1801 0 -1796 0 *
Wi

0101100
+1800 0 -1795 0 -1794 0 +1794 1 *
Fa
0  1e-07 51 0

0101000
+1793 0 *
Ve
1e-07
-7.568056 -11.632887 1.3796
0 0

0101101
*
Ed
 1e-07 1 1 0
1  104 0 0 0.0152000000000001
0

0101000
+1791 0 -1791 1 *
Ed
 1e-07 1 1 0
1  105 0 0 0.138908230400505
0

0101000
+1796 0 -1791 0 *
Wi

0101100
+1795 0 -1790 0 -1789 0 +1789 1 *
Fa
0  1e-07 52 0

0101000
+1788 0 *
Ve
1e-07
-7.557403 -11.638582 1.3796
0 0

0101101
*
Ed
 1e-07 1 1 0
1  106 0 0 0.0152000000000001
0

0101000
+1786 0 -1786 1 *
Ed
 1e-07 1 1 0
1  107 0 0 0.0120797116687445
0

0101000
+1791 0 -1786 0 *
Wi

0101100
+1790 0 -1785 0 -1784 0 +1784 1 *
Fa
0  1e-07 53 0

0101000
+1783 0 *
Ve
1e-07
-7.529264 -11.647118 1.3796
0 0

0101101
*
Ed
 1e-07 1 1 0
1  108 0 0 0.0152000000000001
0

0101000
+1781 0 -1781 1 *
Ed
 1e-07 1 1 0
1  109 0 0 0.0294052141124664
0

0101000
+1786 0 -1781 0 *
Wi

0101100
+1785 0 -1780 0 -1779 0 +1779 1 *
Fa
0  1e-07 54 0

0101000
+1778 0 *
Ve
1e-07
-7.5 -11.65 1.3796
0 0

0101101
*
Ed
 1e-07 1 1 0
1  110 0 0 0.0152000000000001
0

0101000
+1776 0 -1776 1 *
Ed
 1e-07 1 1 0
1  111 0 0 0.0294055712408384
0

0101000
+1781 0 -1776 0 *
Wi

0101100
+1780 0 -1775 0 -1774 0 +1774 1 *
Fa
0  1e-07 55 0

0101000
+1773 0 *
Ve
1e-07
-7.470736 -11.647118 1.3796
0 0

0101101
*
Ed
 1e-07 1 1 0
1  112 0 0 0.0152000000000001
0

0101000
+1771 0 -1771 1 *
Ed
 1e-07 1 1 0
1  113 0 0 0.0294055712408384
0

0101000
+1776 0 -1771 0 *
Wi

0101100
+1775 0 -1770 0 -1769 0 +1769 1 *
Fa
0  1e-07 56 0

0101000
+1768 0 *
Ve
1e-07
-7.442597 -11.638582 1.3796
0 0

0101101
*
Ed
 1e-07 1 1 0
1  114 0 0 0.0152000000000001
0

0101000
+1766 0 -1766 1 *
Ed
 1e-07 1 1 0
1  115 0 0 0.0294052141124664
0

0101000
+1771 0 -1766 0 *
Wi

0101100
+1770 0 -1765 0 -1764 0 +1764 1 *
Fa
0  1e-07 57 0

0101000
+1763 0 *
Ve
1e-07
-7.416664 -11.62472 1.3796
0 0

0101101
*
Ed
 1e-07 1 1 0
1  116 0 0 0.0152000000000001
0

0101000
+1761 0 -1761 1 *
Ed
 1e-07 1 1 0
1  117 0 0 0.0294053657178414
0

0101000
+1766 0 -1761 0 *
Wi

0101100
+1765 0 -1760 0 -1759 0 +1759 1 *
Fa
0  1e-07 58 0

0101000
+1758 0 *
Ve
1e-07
-7.393934 -11.606066 1.3796
0 0

0101101
*
Ed
 1e-07 1 1 0
1  118 0 0 0.0152000000000001
0

0101000
+1756 0 -1756 1 *
Ed
 1e-07 1 1 0
1  119 0 0 0.0294044999277321
0

0101000
+1761 0 -1756 0 *
Wi

0101100
+1760 0 -1755 0 -1754 0 +1754 1 *
Fa
0  1e-07 59 0

0101000
+1753 0 *
Ve
1e-07
-7.37528 -11.583336 1.3796
0 0

0101101
*
Ed
 1e-07 1 1 0
1  120 0 0 0.0152000000000001
0

0101000
+1751 0 -1751 1 *
Ed
 1e-07 1 1 0
1  121 0 0 0.0294044999277328
0

0101000
+1756 0 -1751 0 *
Wi

0101100
+1755 0 -1750 0 -1749 0 +1749 1 *
Fa
0  1e-07 60 0

0101000
+1748 0 *
Ve
1e-07
-7.361418 -11.557403 1.3796
0 0

0101101
*
Ed
 1e-07 1 1 0
1  122 0 0 0.0152000000000001
0

0101000
+1746 0 -1746 1 *
Ed
 1e-07 1 1 0
1  123 0 0 0.0294053657178402
0

0101000
+1751 0 -1746 0 *
Wi

0101100
+1750 0 -1745 0 -1744 0 +1744 1 *
Fa
0  1e-07 61 0

0101000
+1743 0 *
Ve
1e-07
-7.352882 -11.529264 1.3796
0 0

0101101
*
Ed
 1e-07 1 1 0
1  124 0 0 0.0152000000000001
0

0101000
+1741 0 -1741 1 *
Ed
 1e-07 1 1 0
1  125 0 0 0.0294052141124675
0

0101000
+1746 0 -1741 0 *
Wi

0101100
+1745 0 -1740 0 -1739 0 +1739 1 *
Fa
0  1e-07 62 0

0101000
+1738 0 *
Ve
1e-07
-7.35 -11.5 1.3796
0 0

0101101
*
Ed
 1e-07 1 1 0
1  126 0 0 0.0152000000000001
0

0101000
+1736 0 -1736 1 *
Ed
 1e-07 1 1 0
1  127 0 0 0.0294055712408376
0

0101000
+1741 0 -1736 0 *
Wi

0101100
+1740 0 -1735 0 -1734 0 +1734 1 *
Fa
0  1e-07 63 0

0101000
+1733 0 *
Ve
1e-07
-7.352882 -11.470736 1.3796
0 0

0101101
*
Ed
 1e-07 1 1 0
1  128 0 0 0.0152000000000001
0

0101000
+1731 0 -1731 1 *
Ed
 1e-07 1 1 0
1  129 0 0 0.0294055712408376
0

0101000
+1736 0 -1731 0 *
Wi

0101100
+1735 0 -1730 0 -1729 0 +1729 1 *
Fa
0  1e-07 64 0

0101000
+1728 0 *
Ve
1e-07
-7.361418 -11.442597 1.3796
0 0

0101101
*
Ed
 1e-07 1 1 0
1  130 0 0 0.0152000000000001
0

0101000
+1726 0 -1726 1 *
Ed
 1e-07 1 1 0
1  131 0 0 0.0294052141124675
0

0101000
+1731 0 -1726 0 *
Wi

0101100
+1730 0 -1725 0 -1724 0 +1724 1 *
Fa
0  1e-07 65 0

0101000
+1723 0 *
Ve
1e-07
-7.37528 -11.416664 1.3796
0 0

0101101
*
Ed
 1e-07 1 1 0
1  132 0 0 0.0152000000000001
0

0101000
+1721 0 -1721 1 *
Ed
 1e-07 1 1 0
1  133 0 0 0.0294053657178402
0

0101000
+1726 0 -1721 0 *
Wi

0101100
+1725 0 -1720 0 -1719 0 +1719 1 *
Fa
0  1e-07 66 0

0101000
+1718 0 *
Ve
1e-07
-7.393934 -11.393934 1.3796
0 0

0101101
*
Ed
 1e-07 1 1 0
1  134 0 0 0.0152000000000001
0

0101000
+1716 0 -1716 1 *
Ed
 1e-07 1 1 0
1  135 0 0 0.0294044999277328
0

0101000
+1721 0 -1716 0 *
Wi

0101100
+1720 0 -1715 0 -1714 0 +1714 1 *
Fa
0  1e-07 67 0

0101000
+1713 0 *
Ve
1e-07
-7.416664 -11.37528 1.3796
0 0

0101101
*
Ed
 1e-07 1 1 0
1  136 0 0 0.0152000000000001
0

0101000
+1711 0 -1711 1 *
Ed
 1e-07 1 1 0
1  137 0 0 0.0294044999277321
0

0101000
+1716 0 -1711 0 *
Wi

0101100
+1715 0 -1710 0 -1709 0 +1709 1 *
Fa
0  1e-07 68 0

0101000
+1708 0 *
Ve
1e-07
-7.442597 -11.361418 1.3796
0 0

0101101
*
Ed
 1e-07 1 1 0
1  138 0 0 0.0152000000000001
0

0101000
+1706 0 -1706 1 *
Ed
 1e-07 1 1 0
1  139 0 0 0.0294053657178414
0

0101000
+1711 0 -1706 0 *
Wi

0101100
+1710 0 -1705 0 -1704 0 +1704 1 *
Fa
0  1e-07 69 0

0101000
+1703 0 *
Ve
1e-07
-7.470736 -11.352882 1.3796
0 0

0101101
*
Ed
 1e-07 1 1 0
1  140 0 0 0.0152000000000001
0

0101000
+1701 0 -1701 1 *
Ed
 1e-07 1 1 0
1  141 0 0 0.0294052141124664
0

0101000
+1706 0 -1701 0 *
Wi

0101100
+1705 0 -1700 0 -1699 0 +1699 1 *
Fa
0  1e-07 70 0

0101000
+1698 0 *
Ve
1e-07
-7.5 -11.35 1.3796
0 0

0101101
*
Ed
 1e-07 1 1 0
1  142 0 0 0.0152000000000001
0

0101000
+1696 0 -1696 1 *
Ed
 1e-07 1 1 0
1  143 0 0 0.0294055712408384
0

0101000
+1701 0 -1696 0 *
Wi

0101100
+1700 0 -1695 0 -1694 0 +1694 1 *
Fa
0  1e-07 71 0

0101000
+1693 0 *
Ve
1e-07
-7.529264 -11.352882 1.3796
0 0

0101101
*
Ed
 1e-07 1 1 0
1  144 0 0 0.0152000000000001
0

0101000
+1691 0 -1691 1 *
Ed
 1e-07 1 1 0
1  145 0 0 0.0294055712408384
0

0101000
+1696 0 -1691 0 *
Wi

0101100
+1695 0 -1690 0 -1689 0 +1689 1 *
Fa
0  1e-07 72 0

0101000
+1688 0 *
Ve
1e-07
-7.557403 -11.361418 1.3796
0 0

0101101
*
Ed
 1e-07 1 1 0
1  146 0 0 0.0152000000000001
0

0101000
+1686 0 -1686 1 *
Ed
 1e-07 1 1 0
1  147 0 0 0.0294052141124664
0

0101000
+1691 0 -1686 0 *
Wi

0101100
+1690 0 -1685 0 -1684 0 +1684 1 *
Fa
0  1e-07 73 0

0101000
+1683 0 *
Ve
1e-07
-7.583336 -11.37528 1.3796
0 0

0101101
*
Ed
 1e-07 1 1 0
1  148 0 0 0.0152000000000001
0

0101000
+1681 0 -1681 1 *
Ed
 1e-07 1 1 0
1  149 0 0 0.0294053657178414
0

0101000
+1686 0 -1681 0 *
Wi

0101100
+1685 0 -1680 0 -1679 0 +1679 1 *
Fa
0  1e-07 74 0

0101000
+1678 0 *
Ve
1e-07
-7.606066 -11.393934 1.3796
0 0

0101101
*
Ed
 1e-07 1 1 0
1  150 0 0 0.0152000000000001
0

0101000
+1676 0 -1676 1 *
Ed
 1e-07 1 1 0
1  151 0 0 0.0294044999277321
0

0101000
+1681 0 -1676 0 *
Wi

0101100
+1680 0 -1675 0 -1674 0 +1674 1 *
Fa
0  1e-07 75 0

0101000
+1673 0 *
Ve
1e-07
-7.62472 -11.416664 1.3796
0 0

0101101
*
Ed
 1e-07 1 1 0
1  152 0 0 0.0152000000000001
0

0101000
+1671 0 -1671 1 *
Ed
 1e-07 1 1 0
1  153 0 0 0.0294044999277328
0

0101000
+1676 0 -1671 0 *
Wi

0101100
+1675 0 -1670 0 -1669 0 +1669 1 *
Fa
0  1e-07 76 0

0101000
+1668 0 *
Ve
1e-07
-7.638582 -11.442597 1.3796
0 0

0101101
*
Ed
 1e-07 1 1 0
1  154 0 0 0.0152000000000001
0

0101000
+1666 0 -1666 1 *
Ed
 1e-07 1 1 0
1  155 0 0 0.0294053657178402
0

0101000
+1671 0 -1666 0 *
Wi

0101100
+1670 0 -1665 0 -1664 0 +1664 1 *
Fa
0  1e-07 77 0

0101000
+1663 0 *
Ve
1e-07
-7.647118 -11.470736 1.3796
0 0

0101101
*
Ed
 1e-07 1 1 0
1  156 0 0 0.0152000000000001
0

0101000
+1661 0 -1661 1 *
Ed
 1e-07 1 1 0
1  157 0 0 0.0294052141124675
0

0101000
+1666 0 -1661 0 *
Wi

0101100
+1665 0 -1660 0 -1659 0 +1659 1 *
Fa
0  1e-07 78 0

0101000
+1658 0 *
Ve
1e-07
-7.65 -11.5 1.3796
0 0

0101101
*
Ed
 1e-07 1 1 0
1  158 0 0 0.0152000000000001
0

0101000
+1656 0 -1656 1 *
Ed
 1e-07 1 1 0
1  159 0 0 0.0294055712408376
0

0101000
+1661 0 -1656 0 *
Wi

0101100
+1660 0 -1655 0 -1654 0 +1654 1 *
Fa
0  1e-07 79 0

0101000
+1653 0 *
Ve
1e-07
-7.647118 -11.529264 1.3796
0 0

0101101
*
Ed
 1e-07 1 1 0
1  160 0 0 0.0152000000000001
0

0101000
+1651 0 -1651 1 *
Ed
 1e-07 1 1 0
1  161 0 0 0.0294055712408376
0

0101000
+1656 0 -1651 0 *
Wi

0101100
+1655 0 -1650 0 -1649 0 +1649 1 *
Fa
0  1e-07 80 0

0101000
+1648 0 *
Ve
1e-07
-7.638582 -11.557403 1.3796
0 0

0101101
*
Ed
 1e-07 1 1 0
1  162 0 0 0.0152000000000001
0

0101000
+1646 0 -1646 1 *
Ed
 1e-07 1 1 0
1  163 0 0 0.0294052141124675
0

0101000
+1651 0 -1646 0 *
Wi

0101100
+1650 0 -1645 0 -1644 0 +1644 1 *
Fa
0  1e-07 81 0

0101000
+1643 0 *
Ve
1e-07
-7.636968 -11.560421 1.3796
0 0

0101101
*
Ed
 1e-07 1 1 0
1  164 0 0 0.0152000000000001
0

0101000
+1641 0 -1641 1 *
Ed
 1e-07 1 1 0
1  165 0 0 0.00342247279024895
0

0101000
+1646 0 -1641 0 *
Wi

0101100
+1645 0 -1640 0 -1639 0 +1639 1 *
Fa
0  1e-07 82 0

0101000
+1638 0 *
Ve
1e-07
-7.743724 -11.661076 1.3796
0 0

0101101
*
Ed
 1e-07 1 1 0
1  166 0 0 0.0152000000000001
0

0101000
+1636 0 -1636 1 *
Ed
 1e-07 1 1 0
1  167 0 0 0.146725159945389
0

0101000
+1641 0 -1636 0 *
Wi

0101100
+1640 0 -1635 0 -1634 0 +1634 1 *
Fa
0  1e-07 83 0

0101000
+1633 0 *
Ve
1e-07
-7.770736 -11.652882 1.3796
0 0

0101101
*
Ed
 1e-07 1 1 0
1  168 0 0 0.0152000000000001
0

0101000
+1631 0 -1631 1 *
Ed
 1e-07 1 1 0
1  169 0 0 0.0282274649942214
0

0101000
+1636 0 -1631 0 *
Wi

0101100
+1635 0 -1630 0 -1629 0 +1629 1 *
Fa
0  1e-07 84 0

0101000
+1628 0 *
Ve
1e-07
-7.8 -11.65 1.3796
0 0

0101101
*
Ed
 1e-07 1 1 0
1  170 0 0 0.0152000000000001
0

0101000
+1626 0 -1626 1 *
Ed
 1e-07 1 1 0
1  171 0 0 0.0294055712408375
0

0101000
+1631 0 -1626 0 *
Wi

0101100
+1630 0 -1625 0 -1624 0 +1624 1 *
Fa
0  1e-07 85 0

0101000
+1623 0 *
Ve
1e-07
-7.829264 -11.652882 1.3796
0 0

0101101
*
Ed
 1e-07 1 1 0
1  172 0 0 0.0152000000000001
0

0101000
+1621 0 -1621 1 *
Ed
 1e-07 1 1 0
1  173 0 0 0.0294055712408384
0

0101000
+1626 0 -1621 0 *
Wi

0101100
+1625 0 -1620 0 -1619 0 +1619 1 *
Fa
0  1e-07 86 0

0101000
+1618 0 *
Ve
1e-07
-7.857403 -11.661418 1.3796
0 0

0101101
*
Ed
 1e-07 1 1 0
1  174 0 0 0.0152000000000001
0

0101000
+1616 0 -1616 1 *
Ed
 1e-07 1 1 0
1  175 0 0 0.0294052141124658
0

0101000
+1621 0 -1616 0 *
Wi

0101100
+1620 0 -1615 0 -1614 0 +1614 1 *
Fa
0  1e-07 87 0

0101000
+1613 0 *
Ve
1e-07
-7.883336 -11.67528 1.3796
0 0

0101101
*
Ed
 1e-07 1 1 0
1  176 0 0 0.0152000000000001
0

0101000
+1611 0 -1611 1 *
Ed
 1e-07 1 1 0
1  177 0 0 0.0294053657178422
0

0101000
+1616 0 -1611 0 *
Wi

0101100
+1615 0 -1610 0 -1609 0 +1609 1 *
Fa
0  1e-07 88 0

0101000
+1608 0 *
Ve
1e-07
-7.906066 -11.693934 1.3796
0 0

0101101
*
Ed
 1e-07 1 1 0
1  178 0 0 0.0152000000000001
0

0101000
+1606 0 -1606 1 *
Ed
 1e-07 1 1 0
1  179 0 0 0.0294044999277321
0

0101000
+1611 0 -1606 0 *
Wi

0101100
+1610 0 -1605 0 -1604 0 +1604 1 *
Fa
0  1e-07 89 0

0101000
+1603 0 *
Ve
1e-07
-7.92472 -11.716664 1.3796
0 0

0101101
*
Ed
 1e-07 1 1 0
1  180 0 0 0.0152000000000001
0

0101000
+1601 0 -1601 1 *
Ed
 1e-07 1 1 0
1  181 0 0 0.0294044999277314
0

0101000
+1606 0 -1601 0 *
Wi

0101100
+1605 0 -1600 0 -1599 0 +1599 1 *
Fa
0  1e-07 90 0

0101000
+1598 0 *
Ve
1e-07
-7.938582 -11.742597 1.3796
0 0

0101101
*
Ed
 1e-07 1 1 0
1  182 0 0 0.0152000000000001
0

0101000
+1596 0 -1596 1 *
Ed
 1e-07 1 1 0
1  183 0 0 0.0294053657178418
0

0101000
+1601 0 -1596 0 *
Wi

0101100
+1600 0 -1595 0 -1594 0 +1594 1 *
Fa
0  1e-07 91 0

0101000
+1593 0 *
Ve
1e-07
-7.947118 -11.770736 1.3796
0 0

0101101
*
Ed
 1e-07 1 1 0
1  184 0 0 0.0152000000000001
0

0101000
+1591 0 -1591 1 *
Ed
 1e-07 1 1 0
1  185 0 0 0.0294052141124658
0

0101000
+1596 0 -1591 0 *
Wi

0101100
+1595 0 -1590 0 -1589 0 +1589 1 *
Fa
0  1e-07 92 0

0101000
+1588 0 *
Ve
1e-07
-7.95 -11.8 1.3796
0 0

0101101
*
Ed
 1e-07 1 1 0
1  186 0 0 0.0152000000000001
0

0101000
+1586 0 -1586 1 *
Ed
 1e-07 1 1 0
1  187 0 0 0.0294055712408394
0

0101000
+1591 0 -1586 0 *
Wi

0101100
+1590 0 -1585 0 -1584 0 +1584 1 *
Fa
0  1e-07 93 0

0101000
+1583 0 *
Ve
1e-07
-7.947118 -11.829264 1.3796
0 0

0101101
*
Ed
 1e-07 1 1 0
1  188 0 0 0.0152000000000001
0

0101000
+1581 0 -1581 1 *
Ed
 1e-07 1 1 0
1  189 0 0 0.0294055712408376
0

0101000
+1586 0 -1581 0 *
Wi

0101100
+1585 0 -1580 0 -1579 0 +1579 1 *
Fa
0  1e-07 94 0

0101000
+1578 0 *
Ve
1e-07
-7.941555 -11.847603 1.3796
0 0

0101101
*
Ed
 1e-07 1 1 0
1  190 0 0 0.0152000000000001
0

0101000
+1576 0 -1576 1 *
Ed
 1e-07 1 1 0
1  191 0 0 0.0191641824766925
0

0101000
+1581 0 -1576 0 *
Wi

0101100
+1580 0 -1575 0 -1574 0 +1574 1 *
Fa
0  1e-07 95 0

0101000
+1573 0 *
Ve
1e-07
-10.004362 -13.792536 1.3796
0 0

0101101
*
Ed
 1e-07 1 1 0
1  192 0 0 0.0152000000000001
0

0101000
+1571 0 -1571 1 *
Ed
 1e-07 1 1 0
1  193 0 0 2.83512558694284
0

0101000
+1576 0 -1571 0 *
Wi

0101100
+1575 0 -1570 0 -1569 0 +1569 1 *
Fa
0  1e-07 96 0

0101000
+1568 0 *
Ve
1e-07
-10.006066 -13.793934 1.3796
0 0

0101101
*
Ed
 1e-07 1 1 0
1  194 0 0 0.0152000000000001
0

0101000
+1566 0 -1566 1 *
Ed
 1e-07 1 1 0
1  195 0 0 0.00220409164963722
0

0101000
+1571 0 -1566 0 *
Wi

0101100
+1570 0 -1565 0 -1564 0 +1564 1 *
Fa
0  1e-07 97 0

0101000
+1563 0 *
Ve
1e-07
-10.006821 -13.794854 1.3796
0 0

0101101
*
Ed
 1e-07 1 1 0
1  196 0 0 0.0152000000000001
0

0101000
+1561 0 -1561 1 *
Ed
 1e-07 1 1 0
1  197 0 0 0.00119013654678824
0

0101000
+1566 0 -1561 0 *
Wi

0101100
+1565 0 -1560 0 -1559 0 +1559 1 *
Fa
0  1e-07 98 0

0101000
+1558 0 *
Ve
1e-07
-10.643363 -14.395023 1.3796
0 0

0101101
*
Ed
 1e-07 1 1 0
1  198 0 0 0.0152000000000001
0

0101000
+1556 0 -1556 1 *
Ed
 1e-07 1 1 0
1  199 0 0 0.874864873180424
0

0101000
+1561 0 -1556 0 *
Wi

0101100
+1560 0 -1555 0 -1554 0 +1554 1 *
Fa
0  1e-07 99 0

0101000
+1553 0 *
Ve
1e-07
-10.73 -14.46 1.3796
0 0

0101101
*
Ed
 1e-07 1 1 0
1  200 0 0 0.0152000000000001
0

0101000
+1551 0 -1551 1 *
Ed
 1e-07 1 1 0
1  201 0 0 0.108295800001662
0

0101000
+1556 0 -1551 0 *
Wi

0101100
+1555 0 -1550 0 -1549 0 +1549 1 *
Fa
0  1e-07 100 0

0101000
+1548 0 *
Ve
1e-07
-10.732614 -14.462395 1.3796
0 0

0101101
*
Ed
 1e-07 1 1 0
1  202 0 0 0.0152000000000001
0

0101000
+1546 0 -1546 1 *
Ed
 1e-07 1 1 0
1  203 0 0 0.00354528151209418
0

0101000
+1551 0 -1546 0 *
Wi

0101100
+1550 0 -1545 0 -1544 0 +1544 1 *
Fa
0  1e-07 101 0

0101000
+1543 0 *
Ve
1e-07
-10.735355 -14.464645 1.3796
0 0

0101101
*
Ed
 1e-07 1 1 0
1  204 0 0 0.0152000000000001
0

0101000
+1541 0 -1541 1 *
Ed
 1e-07 1 1 0
1  205 0 0 0.00354620656476779
0

0101000
+1546 0 -1541 0 *
Wi

0101100
+1545 0 -1540 0 -1539 0 +1539 1 *
Fa
0  1e-07 102 0

0101000
+1538 0 *
Ve
1e-07
-11.035355 -14.764645 1.3796
0 0

0101101
*
Ed
 1e-07 1 1 0
1  206 0 0 0.0152000000000001
0

0101000
+1536 0 -1536 1 *
Ed
 1e-07 1 1 0
1  207 0 0 0.424264068711927
0

0101000
+1541 0 -1536 0 *
Wi

0101100
+1540 0 -1535 0 -1534 0 +1534 1 *
Fa
0  1e-07 103 0

0101000
+1533 0 *
Ve
1e-07
-11.037955 -14.767813 1.3796
0 0

0101101
*
Ed
 1e-07 1 1 0
1  208 0 0 0.0152000000000001
0

0101000
+1531 0 -1531 1 *
Ed
 1e-07 1 1 0
1  209 0 0 0.00409831965566482
0

0101000
+1536 0 -1531 0 *
Wi

0101100
+1535 0 -1530 0 -1529 0 +1529 1 *
Fa
0  1e-07 104 0

0101000
+1528 0 *
Ve
1e-07
-11.040656 -14.770896 1.3796
0 0

0101101
*
Ed
 1e-07 1 1 0
1  210 0 0 0.0152000000000001
0

0101000
+1526 0 -1526 1 *
Ed
 1e-07 1 1 0
1  211 0 0 0.00409881568260899
0

0101000
+1531 0 -1526 0 *
Wi

0101100
+1530 0 -1525 0 -1524 0 +1524 1 *
Fa
0  1e-07 105 0

0101000
+1523 0 *
Ve
1e-07
-11.040692 -14.770957 1.3796
0 0

0101101
*
Ed
 1e-07 1 1 0
1  212 0 0 0.0152000000000001
0

0101000
+1521 0 -1521 1 *
Ed
 1e-07 1 1 0
1  213 0 0 7.08307842666372e-05
0

0101000
+1526 0 -1521 0 *
Wi

0101100
+1525 0 -1520 0 -1519 0 +1519 1 *
Fa
0  1e-07 106 0

0101000
+1518 0 *
Ve
1e-07
-11.040739 -14.771011 1.3796
0 0

0101101
*
Ed
 1e-07 1 1 0
1  214 0 0 0.0152000000000001
0

0101000
+1516 0 -1516 1 *
Ed
 1e-07 1 1 0
1  215 0 0 7.15891053169469e-05
0

0101000
+1521 0 -1516 0 *
Wi

0101100
+1520 0 -1515 0 -1514 0 +1514 1 *
Fa
0  1e-07 107 0

0101000
+1513 0 *
Ve
1e-07
-11.041106 -14.771651 1.3796
0 0

0101101
*
Ed
 1e-07 1 1 0
1  216 0 0 0.0152000000000001
0

0101000
+1511 0 -1511 1 *
Ed
 1e-07 1 1 0
1  217 0 0 0.00073775944589006
0

0101000
+1516 0 -1511 0 *
Wi

0101100
+1515 0 -1510 0 -1509 0 +1509 1 *
Fa
0  1e-07 108 0

0101000
+1508 0 *
Ve
1e-07
-11.041573 -14.772221 1.3796
0 0

0101101
*
Ed
 1e-07 1 1 0
1  218 0 0 0.0152000000000001
0

0101000
+1506 0 -1506 1 *
Ed
 1e-07 1 1 0
1  219 0 0 0.000736877873192099
0

0101000
+1511 0 -1506 0 *
Wi

0101100
+1510 0 -1505 0 -1504 0 +1504 1 *
Fa
0  1e-07 109 0

0101000
+1503 0 *
Ve
1e-07
-11.043505 -14.775836 1.3796
0 0

0101101
*
Ed
 1e-07 1 1 0
1  220 0 0 0.0152000000000001
0

0101000
+1501 0 -1501 1 *
Ed
 1e-07 1 1 0
1  221 0 0 0.0040988838724706
0

0101000
+1506 0 -1501 0 *
Wi

0101100
+1505 0 -1500 0 -1499 0 +1499 1 *
Fa
0  1e-07 110 0

0101000
+1498 0 *
Ve
1e-07
-11.045553 -14.779386 1.3796
0 0

0101101
*
Ed
 1e-07 1 1 0
1  222 0 0 0.0152000000000001
0

0101000
+1496 0 -1496 1 *
Ed
 1e-07 1 1 0
1  223 0 0 0.00409839041576146
0

0101000
+1501 0 -1496 0 *
Wi

0101100
+1500 0 -1495 0 -1494 0 +1494 1 *
Fa
0  1e-07 111 0

0101000
+1493 0 *
Ve
1e-07
-11.045576 -14.779454 1.3796
0 0

0101101
*
Ed
 1e-07 1 1 0
1  224 0 0 0.0152000000000001
0

0101000
+1491 0 -1491 1 *
Ed
 1e-07 1 1 0
1  225 0 0 7.17843994184563e-05
0

0101000
+1496 0 -1491 0 *
Wi

0101100
+1495 0 -1490 0 -1489 0 +1489 1 *
Fa
0  1e-07 112 0

0101000
+1488 0 *
Ve
1e-07
-11.045611 -14.779516 1.3796
0 0

0101101
*
Ed
 1e-07 1 1 0
1  226 0 0 0.0152000000000001
0

0101000
+1486 0 -1486 1 *
Ed
 1e-07 1 1 0
1  227 0 0 7.11969100444712e-05
0

0101000
+1491 0 -1486 0 *
Wi

0101100
+1490 0 -1485 0 -1484 0 +1484 1 *
Fa
0  1e-07 113 0

0101000
+1483 0 *
Ve
1e-07
-11.045846 -14.780215 1.3796
0 0

0101101
*
Ed
 1e-07 1 1 0
1  228 0 0 0.0152000000000001
0

0101000
+1481 0 -1481 1 *
Ed
 1e-07 1 1 0
1  229 0 0 0.000737445591214187
0

0101000
+1486 0 -1481 0 *
Wi

0101100
+1485 0 -1480 0 -1479 0 +1479 1 *
Fa
0  1e-07 114 0

0101000
+1478 0 *
Ve
1e-07
-11.046194 -14.780866 1.3796
0 0

0101101
*
Ed
 1e-07 1 1 0
1  230 0 0 0.0152000000000001
0

0101000
+1476 0 -1476 1 *
Ed
 1e-07 1 1 0
1  231 0 0 0.000738176808088577
0

0101000
+1481 0 -1476 0 *
Wi

0101100
+1480 0 -1475 0 -1474 0 +1474 1 *
Fa
0  1e-07 115 0

0101000
+1473 0 *
Ve
1e-07
-11.047384 -14.784788 1.3796
0 0

0101101
*
Ed
 1e-07 1 1 0
1  232 0 0 0.0152000000000001
0

0101000
+1471 0 -1471 1 *
Ed
 1e-07 1 1 0
1  233 0 0 0.00409855877108125
0

0101000
+1476 0 -1471 0 *
Wi

0101100
+1475 0 -1470 0 -1469 0 +1469 1 *
Fa
0  1e-07 116 0

0101000
+1468 0 *
Ve
1e-07
-11.048699 -14.788669 1.3796
0 0

0101101
*
Ed
 1e-07 1 1 0
1  234 0 0 0.0152000000000001
0

0101000
+1466 0 -1466 1 *
Ed
 1e-07 1 1 0
1  235 0 0 0.0040977293712492
0

0101000
+1471 0 -1466 0 *
Wi

0101100
+1470 0 -1465 0 -1464 0 +1464 1 *
Fa
0  1e-07 117 0

0101000
+1463 0 *
Ve
1e-07
-11.048709 -14.78874 1.3796
0 0

0101101
*
Ed
 1e-07 1 1 0
1  236 0 0 0.0152000000000001
0

0101000
+1461 0 -1461 1 *
Ed
 1e-07 1 1 0
1  237 0 0 7.17007670813211e-05
0

0101000
+1466 0 -1461 0 *
Wi

0101100
+1465 0 -1460 0 -1459 0 +1459 1 *
Fa
0  1e-07 118 0

0101000
+1458 0 *
Ve
1e-07
-11.048731 -14.788808 1.3796
0 0

0101101
*
Ed
 1e-07 1 1 0
1  238 0 0 0.0152000000000001
0

0101000
+1456 0 -1456 1 *
Ed
 1e-07 1 1 0
1  239 0 0 7.14702735395783e-05
0

0101000
+1461 0 -1456 0 *
Wi

0101100
+1460 0 -1455 0 -1454 0 +1454 1 *
Fa
0  1e-07 119 0

0101000
+1453 0 *
Ve
1e-07
-11.048825 -14.78954 1.3796
0 0

0101101
*
Ed
 1e-07 1 1 0
1  240 0 0 0.0152000000000001
0

0101000
+1451 0 -1451 1 *
Ed
 1e-07 1 1 0
1  241 0 0 0.000738010840029936
0

0101000
+1456 0 -1451 0 *
Wi

0101100
+1455 0 -1450 0 -1449 0 +1449 1 *
Fa
0  1e-07 120 0

0101000
+1448 0 *
Ve
1e-07
-11.049039 -14.790245 1.3796
0 0

0101101
*
Ed
 1e-07 1 1 0
1  242 0 0 0.0152000000000001
0

0101000
+1446 0 -1446 1 *
Ed
 1e-07 1 1 0
1  243 0 0 0.000736763869906645
0

0101000
+1451 0 -1446 0 *
Wi

0101100
+1450 0 -1445 0 -1444 0 +1444 1 *
Fa
0  1e-07 121 0

0101000
+1443 0 *
Ve
1e-07
-11.049112 -14.790989 1.3796
0 0

0101101
*
Ed
 1e-07 1 1 0
1  244 0 0 0.0152000000000001
4 C2 122 0 123 0
0

0101000
+1441 0 -1441 1 *
Ed
 1e-07 1 1 0
1  245 0 0 0.00074757273893488
0

0101000
+1446 0 -1441 0 *
Wi

0101100
+1445 0 -1440 0 -1439 0 +1439 1 *
Fa
0  1e-07 122 0

0101000
+1438 0 *
Ve
1e-07
-11.049441 -14.794324 1.3796
0 0

0101101
*
Ed
 1e-07 1 1 0
1  246 0 0 0.0152000000000001
0

0101000
+1436 0 -1436 1 *
Ed
 1e-07 1 1 0
1  247 0 0 0.00335118874431142
0

0101000
+1441 0 -1436 0 *
Wi

0101100
+1440 0 -1435 0 -1434 0 +1434 1 *
Fa
0  1e-07 123 0

0101000
+1433 0 *
Ve
1e-07
-11.049974 -14.798388 1.3796
0 0

0101101
*
Ed
 1e-07 1 1 0
1  248 0 0 0.0152000000000001
0

0101000
+1431 0 -1431 1 *
Ed
 1e-07 1 1 0
1  249 0 0 0.00409880287401063
0

0101000
+1436 0 -1431 0 *
Wi

0101100
+1435 0 -1430 0 -1429 0 +1429 1 *
Fa
0  1e-07 124 0

0101000
+1428 0 *
Ve
1e-07
-11.049969 -14.798459 1.3796
0 0

0101101
*
Ed
 1e-07 1 1 0
1  250 0 0 0.0152000000000001
0

0101000
+1426 0 -1426 1 *
Ed
 1e-07 1 1 0
1  251 0 0 7.11758385972376e-05
0

0101000
+1431 0 -1426 0 *
Wi

0101100
+1430 0 -1425 0 -1424 0 +1424 1 *
Fa
0  1e-07 125 0

0101000
+1423 0 *
Ve
1e-07
-11.049978 -14.79853 1.3796
0 0

0101101
*
Ed
 1e-07 1 1 0
1  252 0 0 0.0152000000000001
0

0101000
+1421 0 -1421 1 *
Ed
 1e-07 1 1 0
1  253 0 0 7.15681493403077e-05
0

0101000
+1426 0 -1421 0 *
Wi

0101100
+1425 0 -1420 0 -1419 0 +1419 1 *
Fa
0  1e-07 126 0

0101000
+1418 0 *
Ve
1e-07
-11.049928 -14.799266 1.3796
0 0

0101101
*
Ed
 1e-07 1 1 0
1  254 0 0 0.0152000000000001
0

0101000
+1416 0 -1416 1 *
Ed
 1e-07 1 1 0
1  255 0 0 0.000737696414522779
0

0101000
+1421 0 -1416 0 *
Wi

0101100
+1420 0 -1415 0 -1414 0 +1414 1 *
Fa
0  1e-07 127 0

0101000
+1413 0 *
Ve
1e-07
-11.05 -14.8 1.3796
0 0

0101101
*
Ed
 1e-07 1 1 0
1  256 0 0 0.0152000000000001
0

0101000
+1411 0 -1411 1 *
Ed
 1e-07 1 1 0
1  257 0 0 0.000737522881002443
0

0101000
+1416 0 -1411 0 *
Wi

0101100
+1415 0 -1410 0 -1409 0 +1409 1 *
Fa
0  1e-07 128 0

0101000
+1408 0 *
Ve
1e-07
-11.05 -23 1.3796
0 0

0101101
*
Ed
 1e-07 1 1 0
1  258 0 0 0.0152000000000001
4 C2 129 0 130 0
0

0101000
+1406 0 -1406 1 *
Ed
 1e-07 1 1 0
1  259 0 0 8.2
0

0101000
+1411 0 -1406 0 *
Wi

0101100
+1410 0 -1405 0 -1404 0 +1404 1 *
Fa
0  1e-07 129 0

0101000
+1403 0 *
Ve
1e-07
-11.05 -23.689601 1.3796
0 0

0101101
*
Ed
 1e-07 1 1 0
1  260 0 0 0.0152000000000001
0

0101000
+1401 0 -1401 1 *
Ed
 1e-07 1 1 0
1  261 0 0 0.689601
0

0101000
+1406 0 -1401 0 *
Wi

0101100
+1405 0 -1400 0 -1399 0 +1399 1 *
Fa
0  1e-07 130 0

0101000
+1398 0 *
Ve
1e-07
-11.310468 -24.288676 1.3796
0 0

0101101
*
Ed
 1e-07 1 1 0
1  262 0 0 0.0152000000000001
0

0101000
+1396 0 -1396 1 *
Ed
 1e-07 1 1 0
1  263 0 0 0.653249136738043
0

0101000
+1401 0 -1396 0 *
Wi

0101100
+1400 0 -1395 0 -1394 0 +1394 1 *
Fa
0  1e-07 131 0

0101000
+1393 0 *
Ve
1e-07
-12.279411 -26.152028 1.3796
0 0

0101101
*
Ed
 1e-07 1 1 0
1  264 0 0 0.0152000000000001
0

0101000
+1391 0 -1391 1 *
Ed
 1e-07 1 1 0
1  265 0 0 2.10022170571419
0

0101000
+1396 0 -1391 0 *
Wi

0101100
+1395 0 -1390 0 -1389 0 +1389 1 *
Fa
0  1e-07 132 0

0101000
+1388 0 *
Ve
1e-07
-12.3 -26.15 1.3796
0 0

0101101
*
Ed
 1e-07 1 1 0
1  266 0 0 0.0152000000000001
0

0101000
+1386 0 -1386 1 *
Ed
 1e-07 1 1 0
1  267 0 0 0.0206886370986601
0

0101000
+1391 0 -1386 0 *
Wi

0101100
+1390 0 -1385 0 -1384 0 +1384 1 *
Fa
0  1e-07 133 0

0101000
+1383 0 *
Ve
1e-07
-12.329264 -26.152882 1.3796
0 0

0101101
*
Ed
 1e-07 1 1 0
1  268 0 0 0.0152000000000001
0

0101000
+1381 0 -1381 1 *
Ed
 1e-07 1 1 0
1  269 0 0 0.0294055712408378
0

0101000
+1386 0 -1381 0 *
Wi

0101100
+1385 0 -1380 0 -1379 0 +1379 1 *
Fa
0  1e-07 134 0

0101000
+1378 0 *
Ve
1e-07
-12.357403 -26.161418 1.3796
0 0

0101101
*
Ed
 1e-07 1 1 0
1  270 0 0 0.0152000000000001
0

0101000
+1376 0 -1376 1 *
Ed
 1e-07 1 1 0
1  271 0 0 0.0294052141124658
0

0101000
+1381 0 -1376 0 *
Wi

0101100
+1380 0 -1375 0 -1374 0 +1374 1 *
Fa
0  1e-07 135 0

0101000
+1373 0 *
Ve
1e-07
-12.383336 -26.17528 1.3796
0 0

0101101
*
Ed
 1e-07 1 1 0
1  272 0 0 0.0152000000000001
0

0101000
+1371 0 -1371 1 *
Ed
 1e-07 1 1 0
1  273 0 0 0.0294053657178414
0

0101000
+1376 0 -1371 0 *
Wi

0101100
+1375 0 -1370 0 -1369 0 +1369 1 *
Fa
0  1e-07 136 0

0101000
+1368 0 *
Ve
1e-07
-12.406066 -26.193934 1.3796
0 0

0101101
*
Ed
 1e-07 1 1 0
1  274 0 0 0.0152000000000001
0

0101000
+1366 0 -1366 1 *
Ed
 1e-07 1 1 0
1  275 0 0 0.0294044999277303
0

0101000
+1371 0 -1366 0 *
Wi

0101100
+1370 0 -1365 0 -1364 0 +1364 1 *
Fa
0  1e-07 137 0

0101000
+1363 0 *
Ve
1e-07
-12.42472 -26.216664 1.3796
0 0

0101101
*
Ed
 1e-07 1 1 0
1  276 0 0 0.0152000000000001
0

0101000
+1361 0 -1361 1 *
Ed
 1e-07 1 1 0
1  277 0 0 0.0294044999277353
0

0101000
+1366 0 -1361 0 *
Wi

0101100
+1365 0 -1360 0 -1359 0 +1359 1 *
Fa
0  1e-07 138 0

0101000
+1358 0 *
Ve
1e-07
-12.438582 -26.242597 1.3796
0 0

0101101
*
Ed
 1e-07 1 1 0
1  278 0 0 0.0152000000000001
0

0101000
+1356 0 -1356 1 *
Ed
 1e-07 1 1 0
1  279 0 0 0.0294053657178398
0

0101000
+1361 0 -1356 0 *
Wi

0101100
+1360 0 -1355 0 -1354 0 +1354 1 *
Fa
0  1e-07 139 0

0101000
+1353 0 *
Ve
1e-07
-12.447118 -26.270736 1.3796
0 0

0101101
*
Ed
 1e-07 1 1 0
1  280 0 0 0.0152000000000001
0

0101000
+1351 0 -1351 1 *
Ed
 1e-07 1 1 0
1  281 0 0 0.0294052141124658
0

0101000
+1356 0 -1351 0 *
Wi

0101100
+1355 0 -1350 0 -1349 0 +1349 1 *
Fa
0  1e-07 140 0

0101000
+1348 0 *
Ve
1e-07
-12.45 -26.3 1.3796
0 0

0101101
*
Ed
 1e-07 1 1 0
1  282 0 0 0.0152000000000001
0

0101000
+1346 0 -1346 1 *
Ed
 1e-07 1 1 0
1  283 0 0 0.0294055712408393
0

0101000
+1351 0 -1346 0 *
Wi

0101100
+1350 0 -1345 0 -1344 0 +1344 1 *
Fa
0  1e-07 141 0

0101000
+1343 0 *
Ve
1e-07
-12.447118 -26.329264 1.3796
0 0

0101101
*
Ed
 1e-07 1 1 0
1  284 0 0 0.0152000000000001
0

0101000
+1341 0 -1341 1 *
Ed
 1e-07 1 1 0
1  285 0 0 0.0294055712408357
0

0101000
+1346 0 -1341 0 *
Wi

0101100
+1345 0 -1340 0 -1339 0 +1339 1 *
Fa
0  1e-07 142 0

0101000
+1338 0 *
Ve
1e-07
-12.438582 -26.357403 1.3796
0 0

0101101
*
Ed
 1e-07 1 1 0
1  286 0 0 0.0152000000000001
0

0101000
+1336 0 -1336 1 *
Ed
 1e-07 1 1 0
1  287 0 0 0.0294052141124692
0

0101000
+1341 0 -1336 0 *
Wi

0101100
+1340 0 -1335 0 -1334 0 +1334 1 *
Fa
0  1e-07 143 0

0101000
+1333 0 *
Ve
1e-07
-12.42472 -26.383336 1.3796
0 0

0101101
*
Ed
 1e-07 1 1 0
1  288 0 0 0.0152000000000001
0

0101000
+1331 0 -1331 1 *
Ed
 1e-07 1 1 0
1  289 0 0 0.0294053657178398
0

0101000
+1336 0 -1331 0 *
Wi

0101100
+1335 0 -1330 0 -1329 0 +1329 1 *
Fa
0  1e-07 144 0

0101000
+1328 0 *
Ve
1e-07
-12.406066 -26.406066 1.3796
0 0

0101101
*
Ed
 1e-07 1 1 0
1  290 0 0 0.0152000000000001
0

0101000
+1326 0 -1326 1 *
Ed
 1e-07 1 1 0
1  291 0 0 0.0294044999277325
0

0101000
+1331 0 -1326 0 *
Wi

0101100
+1330 0 -1325 0 -1324 0 +1324 1 *
Fa
0  1e-07 145 0

0101000
+1323 0 *
Ve
1e-07
-12.383336 -26.42472 1.3796
0 0

0101101
*
Ed
 1e-07 1 1 0
1  292 0 0 0.0152000000000001
0

0101000
+1321 0 -1321 1 *
Ed
 1e-07 1 1 0
1  293 0 0 0.0294044999277325
0

0101000
+1326 0 -1321 0 *
Wi

0101100
+1325 0 -1320 0 -1319 0 +1319 1 *
Fa
0  1e-07 146 0

0101000
+1318 0 *
Ve
1e-07
-12.357403 -26.438582 1.3796
0 0

0101101
*
Ed
 1e-07 1 1 0
1  294 0 0 0.0152000000000001
0

0101000
+1316 0 -1316 1 *
Ed
 1e-07 1 1 0
1  295 0 0 0.0294053657178414
0

0101000
+1321 0 -1316 0 *
Wi

0101100
+1320 0 -1315 0 -1314 0 +1314 1 *
Fa
0  1e-07 147 0

0101000
+1313 0 *
Ve
1e-07
-12.329264 -26.447118 1.3796
0 0

0101101
*
Ed
 1e-07 1 1 0
1  296 0 0 0.0152000000000001
0

0101000
+1311 0 -1311 1 *
Ed
 1e-07 1 1 0
1  297 0 0 0.0294052141124658
0

0101000
+1316 0 -1311 0 *
Wi

0101100
+1315 0 -1310 0 -1309 0 +1309 1 *
Fa
0  1e-07 148 0

0101000
+1308 0 *
Ve
1e-07
-12.3 -26.45 1.3796
0 0

0101101
*
Ed
 1e-07 1 1 0
1  298 0 0 0.0152000000000001
0

0101000
+1306 0 -1306 1 *
Ed
 1e-07 1 1 0
1  299 0 0 0.0294055712408375
0

0101000
+1311 0 -1306 0 *
Wi

0101100
+1310 0 -1305 0 -1304 0 +1304 1 *
Fa
0  1e-07 149 0

0101000
+1303 0 *
Ve
1e-07
-12.270736 -26.447118 1.3796
0 0

0101101
*
Ed
 1e-07 1 1 0
1  300 0 0 0.0152000000000001
0

0101000
+1301 0 -1301 1 *
Ed
 1e-07 1 1 0
1  301 0 0 0.0294055712408393
0

0101000
+1306 0 -1301 0 *
Wi

0101100
+1305 0 -1300 0 -1299 0 +1299 1 *
Fa
0  1e-07 150 0

0101000
+1298 0 *
Ve
1e-07
-12.242597 -26.438582 1.3796
0 0

0101101
*
Ed
 1e-07 1 1 0
1  302 0 0 0.0152000000000001
0

0101000
+1296 0 -1296 1 *
Ed
 1e-07 1 1 0
1  303 0 0 0.0294052141124658
0

0101000
+1301 0 -1296 0 *
Wi

0101100
+1300 0 -1295 0 -1294 0 +1294 1 *
Fa
0  1e-07 151 0

0101000
+1293 0 *
Ve
1e-07
-12.216664 -26.42472 1.3796
0 0

0101101
*
Ed
 1e-07 1 1 0
1  304 0 0 0.0152000000000001
0

0101000
+1291 0 -1291 1 *
Ed
 1e-07 1 1 0
1  305 0 0 0.0294053657178414
0

0101000
+1296 0 -1291 0 *
Wi

0101100
+1295 0 -1290 0 -1289 0 +1289 1 *
Fa
0  1e-07 152 0

0101000
+1288 0 *
Ve
1e-07
-12.193934 -26.406066 1.3796
0 0

0101101
*
Ed
 1e-07 1 1 0
1  306 0 0 0.0152000000000001
0

0101000
+1286 0 -1286 1 *
Ed
 1e-07 1 1 0
1  307 0 0 0.0294044999277325
0

0101000
+1291 0 -1286 0 *
Wi

0101100
+1290 0 -1285 0 -1284 0 +1284 1 *
Fa
0  1e-07 153 0

0101000
+1283 0 *
Ve
1e-07
-12.17528 -26.383336 1.3796
0 0

0101101
*
Ed
 1e-07 1 1 0
1  308 0 0 0.0152000000000001
0

0101000
+1281 0 -1281 1 *
Ed
 1e-07 1 1 0
1  309 0 0 0.0294044999277314
0

0101000
+1286 0 -1281 0 *
Wi

0101100
+1285 0 -1280 0 -1279 0 +1279 1 *
Fa
0  1e-07 154 0

0101000
+1278 0 *
Ve
1e-07
-12.161418 -26.357403 1.3796
0 0

0101101
*
Ed
 1e-07 1 1 0
1  310 0 0 0.0152000000000001
0

0101000
+1276 0 -1276 1 *
Ed
 1e-07 1 1 0
1  311 0 0 0.0294053657178406
0

0101000
+1281 0 -1276 0 *
Wi

0101100
+1280 0 -1275 0 -1274 0 +1274 1 *
Fa
0  1e-07 155 0

0101000
+1273 0 *
Ve
1e-07
-12.152882 -26.329264 1.3796
0 0

0101101
*
Ed
 1e-07 1 1 0
1  312 0 0 0.0152000000000001
0

0101000
+1271 0 -1271 1 *
Ed
 1e-07 1 1 0
1  313 0 0 0.0294052141124692
0

0101000
+1276 0 -1271 0 *
Wi

0101100
+1275 0 -1270 0 -1269 0 +1269 1 *
Fa
0  1e-07 156 0

0101000
+1268 0 *
Ve
1e-07
-12.15 -26.3 1.3796
0 0

0101101
*
Ed
 1e-07 1 1 0
1  314 0 0 0.0152000000000001
0

0101000
+1266 0 -1266 1 *
Ed
 1e-07 1 1 0
1  315 0 0 0.0294055712408357
0

0101000
+1271 0 -1266 0 *
Wi

0101100
+1270 0 -1265 0 -1264 0 +1264 1 *
Fa
0  1e-07 157 0

0101000
+1263 0 *
Ve
1e-07
-12.152882 -26.270736 1.3796
0 0

0101101
*
Ed
 1e-07 1 1 0
1  316 0 0 0.0152000000000001
0

0101000
+1261 0 -1261 1 *
Ed
 1e-07 1 1 0
1  317 0 0 0.0294055712408393
0

0101000
+1266 0 -1261 0 *
Wi

0101100
+1265 0 -1260 0 -1259 0 +1259 1 *
Fa
0  1e-07 158 0

0101000
+1258 0 *
Ve
1e-07
-12.161418 -26.242597 1.3796
0 0

0101101
*
Ed
 1e-07 1 1 0
1  318 0 0 0.0152000000000001
0

0101000
+1256 0 -1256 1 *
Ed
 1e-07 1 1 0
1  319 0 0 0.0294052141124658
0

0101000
+1261 0 -1256 0 *
Wi

0101100
+1260 0 -1255 0 -1254 0 +1254 1 *
Fa
0  1e-07 159 0

0101000
+1253 0 *
Ve
1e-07
-12.17528 -26.216664 1.3796
0 0

0101101
*
Ed
 1e-07 1 1 0
1  320 0 0 0.0152000000000001
0

0101000
+1251 0 -1251 1 *
Ed
 1e-07 1 1 0
1  321 0 0 0.0294053657178406
0

0101000
+1256 0 -1251 0 *
Wi

0101100
+1255 0 -1250 0 -1249 0 +1249 1 *
Fa
0  1e-07 160 0

0101000
+1248 0 *
Ve
1e-07
-12.190601 -26.197995 1.3796
0 0

0101101
*
Ed
 1e-07 1 1 0
1  322 0 0 0.0152000000000001
0

0101000
+1246 0 -1246 1 *
Ed
 1e-07 1 1 0
1  323 0 0 0.024150871661289
0

0101000
+1251 0 -1246 0 *
Wi

0101100
+1250 0 -1245 0 -1244 0 +1244 1 *
Fa
0  1e-07 161 0

0101000
+1243 0 *
Ve
1e-07
-12.127893 -26.077401 1.3796
0 0

0101101
*
Ed
 1e-07 1 1 0
1  324 0 0 0.0152000000000001
0

0101000
+1241 0 -1241 1 *
Ed
 1e-07 1 1 0
1  325 0 0 0.135923530339673
0

0101000
+1246 0 -1241 0 *
Wi

0101100
+1245 0 -1240 0 -1239 0 +1239 1 *
Fa
0  1e-07 162 0

0101000
+1238 0 *
Ve
1e-07
-12.12472 -26.083336 1.3796
0 0

0101101
*
Ed
 1e-07 1 1 0
1  326 0 0 0.0152000000000001
0

0101000
+1236 0 -1236 1 *
Ed
 1e-07 1 1 0
1  327 0 0 0.00672994457629577
0

0101000
+1241 0 -1236 0 *
Wi

0101100
+1240 0 -1235 0 -1234 0 +1234 1 *
Fa
0  1e-07 163 0

0101000
+1233 0 *
Ve
1e-07
-12.106066 -26.106066 1.3796
0 0

0101101
*
Ed
 1e-07 1 1 0
1  328 0 0 0.0152000000000001
0

0101000
+1231 0 -1231 1 *
Ed
 1e-07 1 1 0
1  329 0 0 0.0294044999277314
0

0101000
+1236 0 -1231 0 *
Wi

0101100
+1235 0 -1230 0 -1229 0 +1229 1 *
Fa
0  1e-07 164 0

0101000
+1228 0 *
Ve
1e-07
-12.083336 -26.12472 1.3796
0 0

0101101
*
Ed
 1e-07 1 1 0
1  330 0 0 0.0152000000000001
0

0101000
+1226 0 -1226 1 *
Ed
 1e-07 1 1 0
1  331 0 0 0.0294044999277339
0

0101000
+1231 0 -1226 0 *
Wi

0101100
+1230 0 -1225 0 -1224 0 +1224 1 *
Fa
0  1e-07 165 0

0101000
+1223 0 *
Ve
1e-07
-12.057403 -26.138582 1.3796
0 0

0101101
*
Ed
 1e-07 1 1 0
1  332 0 0 0.0152000000000001
0

0101000
+1221 0 -1221 1 *
Ed
 1e-07 1 1 0
1  333 0 0 0.0294053657178398
0

0101000
+1226 0 -1221 0 *
Wi

0101100
+1225 0 -1220 0 -1219 0 +1219 1 *
Fa
0  1e-07 166 0

0101000
+1218 0 *
Ve
1e-07
-12.029264 -26.147118 1.3796
0 0

0101101
*
Ed
 1e-07 1 1 0
1  334 0 0 0.0152000000000001
0

0101000
+1216 0 -1216 1 *
Ed
 1e-07 1 1 0
1  335 0 0 0.0294052141124675
0

0101000
+1221 0 -1216 0 *
Wi

0101100
+1220 0 -1215 0 -1214 0 +1214 1 *
Fa
0  1e-07 167 0

0101000
+1213 0 *
Ve
1e-07
-12 -26.15 1.3796
0 0

0101101
*
Ed
 1e-07 1 1 0
1  336 0 0 0.0152000000000001
0

0101000
+1211 0 -1211 1 *
Ed
 1e-07 1 1 0
1  337 0 0 0.0294055712408375
0

0101000
+1216 0 -1211 0 *
Wi

0101100
+1215 0 -1210 0 -1209 0 +1209 1 *
Fa
0  1e-07 168 0

0101000
+1208 0 *
Ve
1e-07
-11.970736 -26.147118 1.3796
0 0

0101101
*
Ed
 1e-07 1 1 0
1  338 0 0 0.0152000000000001
0

0101000
+1206 0 -1206 1 *
Ed
 1e-07 1 1 0
1  339 0 0 0.0294055712408375
0

0101000
+1211 0 -1206 0 *
Wi

0101100
+1210 0 -1205 0 -1204 0 +1204 1 *
Fa
0  1e-07 169 0

0101000
+1203 0 *
Ve
1e-07
-11.942597 -26.138582 1.3796
0 0

0101101
*
Ed
 1e-07 1 1 0
1  340 0 0 0.0152000000000001
0

0101000
+1201 0 -1201 1 *
Ed
 1e-07 1 1 0
1  341 0 0 0.0294052141124675
0

0101000
+1206 0 -1201 0 *
Wi

0101100
+1205 0 -1200 0 -1199 0 +1199 1 *
Fa
0  1e-07 170 0

0101000
+1198 0 *
Ve
1e-07
-11.916664 -26.12472 1.3796
0 0

0101101
*
Ed
 1e-07 1 1 0
1  342 0 0 0.0152000000000001
0

0101000
+1196 0 -1196 1 *
Ed
 1e-07 1 1 0
1  343 0 0 0.0294053657178398
0

0101000
+1201 0 -1196 0 *
Wi

0101100
+1200 0 -1195 0 -1194 0 +1194 1 *
Fa
0  1e-07 171 0

0101000
+1193 0 *
Ve
1e-07
-11.893934 -26.106066 1.3796
0 0

0101101
*
Ed
 1e-07 1 1 0
1  344 0 0 0.0152000000000001
0

0101000
+1191 0 -1191 1 *
Ed
 1e-07 1 1 0
1  345 0 0 0.0294044999277339
0

0101000
+1196 0 -1191 0 *
Wi

0101100
+1195 0 -1190 0 -1189 0 +1189 1 *
Fa
0  1e-07 172 0

0101000
+1188 0 *
Ve
1e-07
-11.87528 -26.083336 1.3796
0 0

0101101
*
Ed
 1e-07 1 1 0
1  346 0 0 0.0152000000000001
0

0101000
+1186 0 -1186 1 *
Ed
 1e-07 1 1 0
1  347 0 0 0.0294044999277314
0

0101000
+1191 0 -1186 0 *
Wi

0101100
+1190 0 -1185 0 -1184 0 +1184 1 *
Fa
0  1e-07 173 0

0101000
+1183 0 *
Ve
1e-07
-11.861418 -26.057403 1.3796
0 0

0101101
*
Ed
 1e-07 1 1 0
1  348 0 0 0.0152000000000001
0

0101000
+1181 0 -1181 1 *
Ed
 1e-07 1 1 0
1  349 0 0 0.0294053657178398
0

0101000
+1186 0 -1181 0 *
Wi

0101100
+1185 0 -1180 0 -1179 0 +1179 1 *
Fa
0  1e-07 174 0

0101000
+1178 0 *
Ve
1e-07
-11.852882 -26.029264 1.3796
0 0

0101101
*
Ed
 1e-07 1 1 0
1  350 0 0 0.0152000000000001
0

0101000
+1176 0 -1176 1 *
Ed
 1e-07 1 1 0
1  351 0 0 0.0294052141124664
0

0101000
+1181 0 -1176 0 *
Wi

0101100
+1180 0 -1175 0 -1174 0 +1174 1 *
Fa
0  1e-07 175 0

0101000
+1173 0 *
Ve
1e-07
-11.85 -26 1.3796
0 0

0101101
*
Ed
 1e-07 1 1 0
1  352 0 0 0.0152000000000001
0

0101000
+1171 0 -1171 1 *
Ed
 1e-07 1 1 0
1  353 0 0 0.0294055712408393
0

0101000
+1176 0 -1171 0 *
Wi

0101100
+1175 0 -1170 0 -1169 0 +1169 1 *
Fa
0  1e-07 176 0

0101000
+1168 0 *
Ve
1e-07
-11.852882 -25.970736 1.3796
0 0

0101101
*
Ed
 1e-07 1 1 0
1  354 0 0 0.0152000000000001
0

0101000
+1166 0 -1166 1 *
Ed
 1e-07 1 1 0
1  355 0 0 0.0294055712408393
0

0101000
+1171 0 -1166 0 *
Wi

0101100
+1170 0 -1165 0 -1164 0 +1164 1 *
Fa
0  1e-07 177 0

0101000
+1163 0 *
Ve
1e-07
-11.861418 -25.942597 1.3796
0 0

0101101
*
Ed
 1e-07 1 1 0
1  356 0 0 0.0152000000000001
0

0101000
+1161 0 -1161 1 *
Ed
 1e-07 1 1 0
1  357 0 0 0.0294052141124664
0

0101000
+1166 0 -1161 0 *
Wi

0101100
+1165 0 -1160 0 -1159 0 +1159 1 *
Fa
0  1e-07 178 0

0101000
+1158 0 *
Ve
1e-07
-11.87528 -25.916664 1.3796
0 0

0101101
*
Ed
 1e-07 1 1 0
1  358 0 0 0.0152000000000001
0

0101000
+1156 0 -1156 1 *
Ed
 1e-07 1 1 0
1  359 0 0 0.0294053657178398
0

0101000
+1161 0 -1156 0 *
Wi

0101100
+1160 0 -1155 0 -1154 0 +1154 1 *
Fa
0  1e-07 179 0

0101000
+1153 0 *
Ve
1e-07
-11.893934 -25.893934 1.3796
0 0

0101101
*
Ed
 1e-07 1 1 0
1  360 0 0 0.0152000000000001
0

0101000
+1151 0 -1151 1 *
Ed
 1e-07 1 1 0
1  361 0 0 0.0294044999277314
0

0101000
+1156 0 -1151 0 *
Wi

0101100
+1155 0 -1150 0 -1149 0 +1149 1 *
Fa
0  1e-07 180 0

0101000
+1148 0 *
Ve
1e-07
-11.897935 -25.89065 1.3796
0 0

0101101
*
Ed
 1e-07 1 1 0
1  362 0 0 0.0152000000000001
0

0101000
+1146 0 -1146 1 *
Ed
 1e-07 1 1 0
1  363 0 0 0.00517616238153417
0

0101000
+1151 0 -1146 0 *
Wi

0101100
+1150 0 -1145 0 -1144 0 +1144 1 *
Fa
0  1e-07 181 0

0101000
+1143 0 *
Ve
1e-07
-11.220145 -24.331732 1.3796
0 0

0101101
*
Ed
 1e-07 1 1 0
1  364 0 0 0.0152000000000001
0

0101000
+1141 0 -1141 1 *
Ed
 1e-07 1 1 0
1  365 0 0 1.69988958900983
0

0101000
+1146 0 -1141 0 *
Wi

0101100
+1145 0 -1140 0 -1139 0 +1139 1 *
Fa
0  1e-07 182 0

0101000
+1138 0 *
Ve
1e-07
-10.955639 -23.823068 1.3796
0 0

0101101
*
Ed
 1e-07 1 1 0
1  366 0 0 0.0152000000000001
0

0101000
+1136 0 -1136 1 *
Ed
 1e-07 1 1 0
1  367 0 0 0.573325813941776
0

0101000
+1141 0 -1136 0 *
Wi

0101100
+1140 0 -1135 0 -1134 0 +1134 1 *
Fa
0  1e-07 183 0

0101000
+1133 0 *
Ve
1e-07
-10.95483 -23.821051 1.3796
0 0

0101101
*
Ed
 1e-07 1 1 0
1  368 0 0 0.0152000000000001
0

0101000
+1131 0 -1131 1 *
Ed
 1e-07 1 1 0
1  369 0 0 0.00217319350265797
0

0101000
+1136 0 -1131 0 *
Wi

0101100
+1135 0 -1130 0 -1129 0 +1129 1 *
Fa
0  1e-07 184 0

0101000
+1128 0 *
Ve
1e-07
-10.953806 -23.819134 1.3796
0 0

0101101
*
Ed
 1e-07 1 1 0
1  370 0 0 0.0152000000000001
0

0101000
+1126 0 -1126 1 *
Ed
 1e-07 1 1 0
1  371 0 0 0.00217335339970462
0

0101000
+1131 0 -1126 0 *
Wi

0101100
+1130 0 -1125 0 -1124 0 +1124 1 *
Fa
0  1e-07 185 0

0101000
+1123 0 *
Ve
1e-07
-10.953011 -23.816513 1.3796
0 0

0101101
*
Ed
 1e-07 1 1 0
1  372 0 0 0.0152000000000001
0

0101000
+1121 0 -1121 1 *
Ed
 1e-07 1 1 0
1  373 0 0 0.0027389169392277
0

0101000
+1126 0 -1121 0 *
Wi

0101100
+1125 0 -1120 0 -1119 0 +1119 1 *
Fa
0  1e-07 186 0

0101000
+1118 0 *
Ve
1e-07
-10.951991 -23.81397 1.3796
0 0

0101101
*
Ed
 1e-07 1 1 0
1  374 0 0 0.0152000000000001
0

0101000
+1116 0 -1116 1 *
Ed
 1e-07 1 1 0
1  375 0 0 0.00273993594815597
0

0101000
+1121 0 -1116 0 *
Wi

0101100
+1120 0 -1115 0 -1114 0 +1114 1 *
Fa
0  1e-07 187 0

0101000
+1113 0 *
Ve
1e-07
-10.951592 -23.811834 1.3796
0 0

0101101
*
Ed
 1e-07 1 1 0
1  376 0 0 0.0152000000000001
0

0101000
+1111 0 -1111 1 *
Ed
 1e-07 1 1 0
1  377 0 0 0.00217294661692377
0

0101000
+1116 0 -1111 0 *
Wi

0101100
+1115 0 -1110 0 -1109 0 +1109 1 *
Fa
0  1e-07 188 0

0101000
+1108 0 *
Ve
1e-07
-10.950961 -23.809755 1.3796
0 0

0101101
*
Ed
 1e-07 1 1 0
1  378 0 0 0.0152000000000001
0

0101000
+1106 0 -1106 1 *
Ed
 1e-07 1 1 0
1  379 0 0 0.00217264861402124
0

0101000
+1111 0 -1106 0 *
Wi

0101100
+1110 0 -1105 0 -1104 0 +1104 1 *
Fa
0  1e-07 189 0

0101000
+1103 0 *
Ve
1e-07
-10.950692 -23.807028 1.3796
0 0

0101101
*
Ed
 1e-07 1 1 0
1  380 0 0 0.0152000000000001
0

0101000
+1101 0 -1101 1 *
Ed
 1e-07 1 1 0
1  381 0 0 0.00274023539134879
0

0101000
+1106 0 -1101 0 *
Wi

0101100
+1105 0 -1100 0 -1099 0 +1099 1 *
Fa
0  1e-07 190 0

0101000
+1098 0 *
Ve
1e-07
-10.950188 -23.804336 1.3796
0 0

0101101
*
Ed
 1e-07 1 1 0
1  382 0 0 0.0152000000000001
0

0101000
+1096 0 -1096 1 *
Ed
 1e-07 1 1 0
1  383 0 0 0.00273877344809638
0

0101000
+1101 0 -1096 0 *
Wi

0101100
+1100 0 -1095 0 -1094 0 +1094 1 *
Fa
0  1e-07 191 0

0101000
+1093 0 *
Ve
1e-07
-10.950213 -23.802163 1.3796
0 0

0101101
*
Ed
 1e-07 1 1 0
1  384 0 0 0.0152000000000001
0

0101000
+1091 0 -1091 1 *
Ed
 1e-07 1 1 0
1  385 0 0 0.00217314380564104
0

0101000
+1096 0 -1091 0 *
Wi

0101100
+1095 0 -1090 0 -1089 0 +1089 1 *
Fa
0  1e-07 192 0

0101000
+1088 0 *
Ve
1e-07
-10.95 -23.8 1.3796
0 0

0101101
*
Ed
 1e-07 1 1 0
1  386 0 0 0.0152000000000001
0

0101000
+1086 0 -1086 1 *
Ed
 1e-07 1 1 0
1  387 0 0 0.00217346221499199
0

0101000
+1091 0 -1086 0 *
Wi

0101100
+1090 0 -1085 0 -1084 0 +1084 1 *
Fa
0  1e-07 193 0

0101000
+1083 0 *
Ve
1e-07
-10.95 -23.7 1.3796
0 0

0101101
*
Ed
 1e-07 1 1 0
1  388 0 0 0.0152000000000001
4 C2 194 0 195 0
0

0101000
+1081 0 -1081 1 *
Ed
 1e-07 1 1 0
1  389 0 0 0.100000000000001
0

0101000
+1086 0 -1081 0 *
Wi

0101100
+1085 0 -1080 0 -1079 0 +1079 1 *
Fa
0  1e-07 194 0

0101000
+1078 0 *
Ve
1e-07
-10.95 -23.6 1.3796
0 0

0101101
*
Ed
 1e-07 1 1 0
1  390 0 0 0.0152000000000001
0

0101000
+1076 0 -1076 1 *
Ed
 1e-07 1 1 0
1  391 0 0 0.0999999999999979
0

0101000
+1081 0 -1076 0 *
Wi

0101100
+1080 0 -1075 0 -1074 0 +1074 1 *
Fa
0  1e-07 195 0

0101000
+1073 0 *
Ve
1e-07
-10.947118 -23.629264 1.3796
0 0

0101101
*
Ed
 1e-07 1 1 0
1  392 0 0 0.0152000000000001
0

0101000
+1071 0 -1071 1 *
Ed
 1e-07 1 1 0
1  393 0 0 0.0294055712408357
0

0101000
+1076 0 -1071 0 *
Wi

0101100
+1075 0 -1070 0 -1069 0 +1069 1 *
Fa
0  1e-07 196 0

0101000
+1068 0 *
Ve
1e-07
-10.938582 -23.657403 1.3796
0 0

0101101
*
Ed
 1e-07 1 1 0
1  394 0 0 0.0152000000000001
0

0101000
+1066 0 -1066 1 *
Ed
 1e-07 1 1 0
1  395 0 0 0.0294052141124658
0

0101000
+1071 0 -1066 0 *
Wi

0101100
+1070 0 -1065 0 -1064 0 +1064 1 *
Fa
0  1e-07 197 0

0101000
+1063 0 *
Ve
1e-07
-10.92472 -23.683336 1.3796
0 0

0101101
*
Ed
 1e-07 1 1 0
1  396 0 0 0.0152000000000001
0

0101000
+1061 0 -1061 1 *
Ed
 1e-07 1 1 0
1  397 0 0 0.0294053657178429
0

0101000
+1066 0 -1061 0 *
Wi

0101100
+1065 0 -1060 0 -1059 0 +1059 1 *
Fa
0  1e-07 198 0

0101000
+1058 0 *
Ve
1e-07
-10.906066 -23.706066 1.3796
0 0

0101101
*
Ed
 1e-07 1 1 0
1  398 0 0 0.0152000000000001
0

0101000
+1056 0 -1056 1 *
Ed
 1e-07 1 1 0
1  399 0 0 0.0294044999277325
0

0101000
+1061 0 -1056 0 *
Wi

0101100
+1060 0 -1055 0 -1054 0 +1054 1 *
Fa
0  1e-07 199 0

0101000
+1053 0 *
Ve
1e-07
-10.883336 -23.72472 1.3796
0 0

0101101
*
Ed
 1e-07 1 1 0
1  400 0 0 0.0152000000000001
0

0101000
+1051 0 -1051 1 *
Ed
 1e-07 1 1 0
1  401 0 0 0.0294044999277325
0

0101000
+1056 0 -1051 0 *
Wi

0101100
+1055 0 -1050 0 -1049 0 +1049 1 *
Fa
0  1e-07 200 0

0101000
+1048 0 *
Ve
1e-07
-10.857403 -23.738582 1.3796
0 0

0101101
*
Ed
 1e-07 1 1 0
1  402 0 0 0.0152000000000001
0

0101000
+1046 0 -1046 1 *
Ed
 1e-07 1 1 0
1  403 0 0 0.0294053657178414
0

0101000
+1051 0 -1046 0 *
Wi

0101100
+1050 0 -1045 0 -1044 0 +1044 1 *
Fa
0  1e-07 201 0

0101000
+1043 0 *
Ve
1e-07
-10.829264 -23.747118 1.3796
0 0

0101101
*
Ed
 1e-07 1 1 0
1  404 0 0 0.0152000000000001
0

0101000
+1041 0 -1041 1 *
Ed
 1e-07 1 1 0
1  405 0 0 0.0294052141124658
0

0101000
+1046 0 -1041 0 *
Wi

0101100
+1045 0 -1040 0 -1039 0 +1039 1 *
Fa
0  1e-07 202 0

0101000
+1038 0 *
Ve
1e-07
-10.8 -23.75 1.3796
0 0

0101101
*
Ed
 1e-07 1 1 0
1  406 0 0 0.0152000000000001
0

0101000
+1036 0 -1036 1 *
Ed
 1e-07 1 1 0
1  407 0 0 0.0294055712408375
0

0101000
+1041 0 -1036 0 *
Wi

0101100
+1040 0 -1035 0 -1034 0 +1034 1 *
Fa
0  1e-07 203 0

0101000
+1033 0 *
Ed
 1e-07 1 1 0
1  408 0 0 0.0294055712408393
0

0101000
+1036 0 -2048 0 *
Wi

0101100
+1035 0 -2047 0 -1031 0 +1031 1 *
Fa
0  1e-07 204 0

0101000
+1030 0 *
Ve
1e-07
-10.947118 -23.570736 1.3796
0 0

0101101
*
Ed
 1e-07 1 1 0
1  409 0 0 0.0152000000000001
0

0101000
+1028 0 -1028 1 *
Ve
1e-07
-10.938582 -23.542597 1.3796
0 0

0101101
*
Ed
 1e-07 1 1 0
1  410 0 0 0.0152000000000001
0

0101000
+1026 0 -1026 1 *
Ed
 1e-07 1 1 0
1  411 0 0 0.0294052141124658
0

0101000
+1028 0 -1026 0 *
Wi

0101100
+1027 0 -1025 0 -1024 0 +1024 1 *
Fa
0  1e-07 205 0

0101000
+1023 0 *
Ve
1e-07
-10.92472 -23.516664 1.3796
0 0

0101101
*
Ed
 1e-07 1 1 0
1  412 0 0 0.0152000000000001
0

0101000
+1021 0 -1021 1 *
Ed
 1e-07 1 1 0
1  413 0 0 0.0294053657178429
0

0101000
+1026 0 -1021 0 *
Wi

0101100
+1025 0 -1020 0 -1019 0 +1019 1 *
Fa
0  1e-07 206 0

0101000
+1018 0 *
Ve
1e-07
-10.906066 -23.493934 1.3796
0 0

0101101
*
Ed
 1e-07 1 1 0
1  414 0 0 0.0152000000000001
0

0101000
+1016 0 -1016 1 *
Ed
 1e-07 1 1 0
1  415 0 0 0.0294044999277325
0

0101000
+1021 0 -1016 0 *
Wi

0101100
+1020 0 -1015 0 -1014 0 +1014 1 *
Fa
0  1e-07 207 0

0101000
+1013 0 *
Ve
1e-07
-10.891928 -23.482331 1.3796
0 0

0101101
*
Ed
 1e-07 1 1 0
1  416 0 0 0.0152000000000001
0

0101000
+1011 0 -1011 1 *
Ed
 1e-07 1 1 0
1  417 0 0 0.0182896870667597
0

0101000
+1016 0 -1011 0 *
Wi

0101100
+1015 0 -1010 0 -1009 0 +1009 1 *
Fa
0  1e-07 208 0

0101000
+1008 0 *
Ve
1e-07
-10.95 -23.308114 1.3796
0 0

0101101
*
Ed
 1e-07 1 1 0
1  418 0 0 0.0152000000000001
0

0101000
+1006 0 -1006 1 *
Ed
 1e-07 1 1 0
1  419 0 0 0.183640736964867
0

0101000
+1011 0 -1006 0 *
Wi

0101100
+1010 0 -1005 0 -1004 0 +1004 1 *
Fa
0  1e-07 209 0

0101000
+1003 0 *
Ve
1e-07
-10.95 -23.6 1.3796
0 0

0101101
*
Ed
 1e-07 1 1 0
1  420 0 0 0.0152000000000001
0

0101000
+1001 0 -1001 1 *
Ed
 1e-07 1 1 0
1  421 0 0 0.291886000000002
0

0101000
+1006 0 -1001 0 *
Wi

0101100
+1005 0 -1000 0 -999 0 +999 1 *
Fa
0  1e-07 210 0

0101000
+998 0 *
Ed
 1e-07 1 1 0
1  422 0 0 0.0294055712408393
0

0101000
+1001 0 -1028 0 *
Wi

0101100
+1000 0 -1027 0 -996 0 +996 1 *
Fa
0  1e-07 211 0

0101000
+995 0 *
Ve
1e-07
-11.885529 -25.611317 1.3796
0 0

0101101
*
Ed
 1e-07 1 1 0
1  423 0 0 0.0152000000000001
0

0101000
+993 0 -993 1 *
Ve
1e-07
-12.010165 -25.851001 1.3796
0 0

0101101
*
Ed
 1e-07 1 1 0
1  424 0 0 0.0152000000000001
0

0101000
+991 0 -991 1 *
Ed
 1e-07 1 1 0
1  425 0 0 0.270152831471374
0

0101000
+993 0 -991 0 *
Wi

0101100
+992 0 -990 0 -989 0 +989 1 *
Fa
0  1e-07 212 0

0101000
+988 0 *
Ve
1e-07
-12 -25.85 1.3796
0 0

0101101
*
Ed
 1e-07 1 1 0
1  426 0 0 0.0152000000000001
0

0101000
+986 0 -986 1 *
Ed
 1e-07 1 1 0
1  427 0 0 0.010214167905415
0

0101000
+991 0 -986 0 *
Wi

0101100
+990 0 -985 0 -984 0 +984 1 *
Fa
0  1e-07 213 0

0101000
+983 0 *
Ve
1e-07
-11.989743 -25.85101 1.3796
0 0

0101101
*
Ed
 1e-07 1 1 0
1  428 0 0 0.0152000000000001
0

0101000
+981 0 -981 1 *
Ed
 1e-07 1 1 0
1  429 0 0 0.0103066070556697
0

0101000
+986 0 -981 0 *
Wi

0101100
+985 0 -980 0 -979 0 +979 1 *
Fa
0  1e-07 214 0

0101000
+978 0 *
Ed
 1e-07 1 1 0
1  430 0 0 0.261368115968646
0

0101000
+981 0 -993 0 *
Wi

0101100
+980 0 -992 0 -976 0 +976 1 *
Fa
0  1e-07 215 0

0101000
+975 0 *
Ve
1e-07
-12.285368 -26.373559 1.3796
0 0

0101101
*
Ed
 1e-07 1 1 0
1  431 0 0 0.0152000000000001
0

0101000
+973 0 -973 1 *
Ve
1e-07
-12.271299 -26.369291 1.3796
0 0

0101101
*
Ed
 1e-07 1 1 0
1  432 0 0 0.0152000000000001
0

0101000
+971 0 -971 1 *
Ed
 1e-07 1 1 0
1  433 0 0 0.0147021285873841
0

0101000
+973 0 -971 0 *
Wi

0101100
+972 0 -970 0 -969 0 +969 1 *
Fa
0  1e-07 216 0

0101000
+968 0 *
Ve
1e-07
-12.258332 -26.36236 1.3796
0 0

0101101
*
Ed
 1e-07 1 1 0
1  434 0 0 0.0152000000000001
0

0101000
+966 0 -966 1 *
Ed
 1e-07 1 1 0
1  435 0 0 0.0147031238177491
0

0101000
+971 0 -966 0 *
Wi

0101100
+970 0 -965 0 -964 0 +964 1 *
Fa
0  1e-07 217 0

0101000
+963 0 *
Ve
1e-07
-12.246967 -26.353033 1.3796
0 0

0101101
*
Ed
 1e-07 1 1 0
1  436 0 0 0.0152000000000001
0

0101000
+961 0 -961 1 *
Ed
 1e-07 1 1 0
1  437 0 0 0.0147022499638651
0

0101000
+966 0 -961 0 *
Wi

0101100
+965 0 -960 0 -959 0 +959 1 *
Fa
0  1e-07 218 0

0101000
+958 0 *
Ve
1e-07
-12.23764 -26.341668 1.3796
0 0

0101101
*
Ed
 1e-07 1 1 0
1  438 0 0 0.0152000000000001
0

0101000
+956 0 -956 1 *
Ed
 1e-07 1 1 0
1  439 0 0 0.0147022499638665
0

0101000
+961 0 -956 0 *
Wi

0101100
+960 0 -955 0 -954 0 +954 1 *
Fa
0  1e-07 219 0

0101000
+953 0 *
Ve
1e-07
-12.230709 -26.328701 1.3796
0 0

0101101
*
Ed
 1e-07 1 1 0
1  440 0 0 0.0152000000000001
0

0101000
+951 0 -951 1 *
Ed
 1e-07 1 1 0
1  441 0 0 0.0147031238177475
0

0101000
+956 0 -951 0 *
Wi

0101100
+955 0 -950 0 -949 0 +949 1 *
Fa
0  1e-07 220 0

0101000
+948 0 *
Ve
1e-07
-12.226441 -26.314632 1.3796
0 0

0101101
*
Ed
 1e-07 1 1 0
1  442 0 0 0.0152000000000001
0

0101000
+946 0 -946 1 *
Ed
 1e-07 1 1 0
1  443 0 0 0.0147021285873841
0

0101000
+951 0 -946 0 *
Wi

0101100
+950 0 -945 0 -944 0 +944 1 *
Fa
0  1e-07 221 0

0101000
+943 0 *
Ve
1e-07
-12.225 -26.3 1.3796
0 0

0101101
*
Ed
 1e-07 1 1 0
1  444 0 0 0.0152000000000001
0

0101000
+941 0 -941 1 *
Ed
 1e-07 1 1 0
1  445 0 0 0.0147027856204179
0

0101000
+946 0 -941 0 *
Wi

0101100
+945 0 -940 0 -939 0 +939 1 *
Fa
0  1e-07 222 0

0101000
+938 0 *
Ve
1e-07
-12.226441 -26.285368 1.3796
0 0

0101101
*
Ed
 1e-07 1 1 0
1  446 0 0 0.0152000000000001
0

0101000
+936 0 -936 1 *
Ed
 1e-07 1 1 0
1  447 0 0 0.0147027856204214
0

0101000
+941 0 -936 0 *
Wi

0101100
+940 0 -935 0 -934 0 +934 1 *
Fa
0  1e-07 223 0

0101000
+933 0 *
Ve
1e-07
-12.230709 -26.271299 1.3796
0 0

0101101
*
Ed
 1e-07 1 1 0
1  448 0 0 0.0152000000000001
0

0101000
+931 0 -931 1 *
Ed
 1e-07 1 1 0
1  449 0 0 0.0147021285873841
0

0101000
+936 0 -931 0 *
Wi

0101100
+935 0 -930 0 -929 0 +929 1 *
Fa
0  1e-07 224 0

0101000
+928 0 *
Ve
1e-07
-12.23764 -26.258332 1.3796
0 0

0101101
*
Ed
 1e-07 1 1 0
1  450 0 0 0.0152000000000001
0

0101000
+926 0 -926 1 *
Ed
 1e-07 1 1 0
1  451 0 0 0.0147031238177475
0

0101000
+931 0 -926 0 *
Wi

0101100
+930 0 -925 0 -924 0 +924 1 *
Fa
0  1e-07 225 0

0101000
+923 0 *
Ve
1e-07
-12.246967 -26.246967 1.3796
0 0

0101101
*
Ed
 1e-07 1 1 0
1  452 0 0 0.0152000000000001
0

0101000
+921 0 -921 1 *
Ed
 1e-07 1 1 0
1  453 0 0 0.0147022499638638
0

0101000
+926 0 -921 0 *
Wi

0101100
+925 0 -920 0 -919 0 +919 1 *
Fa
0  1e-07 226 0

0101000
+918 0 *
Ve
1e-07
-12.258332 -26.23764 1.3796
0 0

0101101
*
Ed
 1e-07 1 1 0
1  454 0 0 0.0152000000000001
0

0101000
+916 0 -916 1 *
Ed
 1e-07 1 1 0
1  455 0 0 0.0147022499638674
0

0101000
+921 0 -916 0 *
Wi

0101100
+920 0 -915 0 -914 0 +914 1 *
Fa
0  1e-07 227 0

0101000
+913 0 *
Ve
1e-07
-12.271299 -26.230709 1.3796
0 0

0101101
*
Ed
 1e-07 1 1 0
1  456 0 0 0.0152000000000001
0

0101000
+911 0 -911 1 *
Ed
 1e-07 1 1 0
1  457 0 0 0.0147031238177474
0

0101000
+916 0 -911 0 *
Wi

0101100
+915 0 -910 0 -909 0 +909 1 *
Fa
0  1e-07 228 0

0101000
+908 0 *
Ve
1e-07
-12.285368 -26.226441 1.3796
0 0

0101101
*
Ed
 1e-07 1 1 0
1  458 0 0 0.0152000000000001
0

0101000
+906 0 -906 1 *
Ed
 1e-07 1 1 0
1  459 0 0 0.0147021285873841
0

0101000
+911 0 -906 0 *
Wi

0101100
+910 0 -905 0 -904 0 +904 1 *
Fa
0  1e-07 229 0

0101000
+903 0 *
Ve
1e-07
-12.3 -26.225 1.3796
0 0

0101101
*
Ed
 1e-07 1 1 0
1  460 0 0 0.0152000000000001
0

0101000
+901 0 -901 1 *
Ed
 1e-07 1 1 0
1  461 0 0 0.0147027856204196
0

0101000
+906 0 -901 0 *
Wi

0101100
+905 0 -900 0 -899 0 +899 1 *
Fa
0  1e-07 230 0

0101000
+898 0 *
Ve
1e-07
-12.314632 -26.226441 1.3796
0 0

0101101
*
Ed
 1e-07 1 1 0
1  462 0 0 0.0152000000000001
0

0101000
+896 0 -896 1 *
Ed
 1e-07 1 1 0
1  463 0 0 0.0147027856204179
0

0101000
+901 0 -896 0 *
Wi

0101100
+900 0 -895 0 -894 0 +894 1 *
Fa
0  1e-07 231 0

0101000
+893 0 *
Ve
1e-07
-12.328701 -26.230709 1.3796
0 0

0101101
*
Ed
 1e-07 1 1 0
1  464 0 0 0.0152000000000001
0

0101000
+891 0 -891 1 *
Ed
 1e-07 1 1 0
1  465 0 0 0.0147021285873858
0

0101000
+896 0 -891 0 *
Wi

0101100
+895 0 -890 0 -889 0 +889 1 *
Fa
0  1e-07 232 0

0101000
+888 0 *
Ve
1e-07
-12.341668 -26.23764 1.3796
0 0

0101101
*
Ed
 1e-07 1 1 0
1  466 0 0 0.0152000000000001
0

0101000
+886 0 -886 1 *
Ed
 1e-07 1 1 0
1  467 0 0 0.0147031238177459
0

0101000
+891 0 -886 0 *
Wi

0101100
+890 0 -885 0 -884 0 +884 1 *
Fa
0  1e-07 233 0

0101000
+883 0 *
Ve
1e-07
-12.353033 -26.246967 1.3796
0 0

0101101
*
Ed
 1e-07 1 1 0
1  468 0 0 0.0152000000000001
0

0101000
+881 0 -881 1 *
Ed
 1e-07 1 1 0
1  469 0 0 0.0147022499638674
0

0101000
+886 0 -881 0 *
Wi

0101100
+885 0 -880 0 -879 0 +879 1 *
Fa
0  1e-07 234 0

0101000
+878 0 *
Ve
1e-07
-12.36236 -26.258332 1.3796
0 0

0101101
*
Ed
 1e-07 1 1 0
1  470 0 0 0.0152000000000001
0

0101000
+876 0 -876 1 *
Ed
 1e-07 1 1 0
1  471 0 0 0.0147022499638649
0

0101000
+881 0 -876 0 *
Wi

0101100
+880 0 -875 0 -874 0 +874 1 *
Fa
0  1e-07 235 0

0101000
+873 0 *
Ve
1e-07
-12.369291 -26.271299 1.3796
0 0

0101101
*
Ed
 1e-07 1 1 0
1  472 0 0 0.0152000000000001
0

0101000
+871 0 -871 1 *
Ed
 1e-07 1 1 0
1  473 0 0 0.0147031238177467
0

0101000
+876 0 -871 0 *
Wi

0101100
+875 0 -870 0 -869 0 +869 1 *
Fa
0  1e-07 236 0

0101000
+868 0 *
Ve
1e-07
-12.373559 -26.285368 1.3796
0 0

0101101
*
Ed
 1e-07 1 1 0
1  474 0 0 0.0152000000000001
0

0101000
+866 0 -866 1 *
Ed
 1e-07 1 1 0
1  475 0 0 0.0147021285873841
0

0101000
+871 0 -866 0 *
Wi

0101100
+870 0 -865 0 -864 0 +864 1 *
Fa
0  1e-07 237 0

0101000
+863 0 *
Ve
1e-07
-12.375 -26.3 1.3796
0 0

0101101
*
Ed
 1e-07 1 1 0
1  476 0 0 0.0152000000000001
0

0101000
+861 0 -861 1 *
Ed
 1e-07 1 1 0
1  477 0 0 0.0147027856204214
0

0101000
+866 0 -861 0 *
Wi

0101100
+865 0 -860 0 -859 0 +859 1 *
Fa
0  1e-07 238 0

0101000
+858 0 *
Ve
1e-07
-12.373559 -26.314632 1.3796
0 0

0101101
*
Ed
 1e-07 1 1 0
1  478 0 0 0.0152000000000001
0

0101000
+856 0 -856 1 *
Ed
 1e-07 1 1 0
1  479 0 0 0.0147027856204179
0

0101000
+861 0 -856 0 *
Wi

0101100
+860 0 -855 0 -854 0 +854 1 *
Fa
0  1e-07 239 0

0101000
+853 0 *
Ve
1e-07
-12.369291 -26.328701 1.3796
0 0

0101101
*
Ed
 1e-07 1 1 0
1  480 0 0 0.0152000000000001
0

0101000
+851 0 -851 1 *
Ed
 1e-07 1 1 0
1  481 0 0 0.0147021285873841
0

0101000
+856 0 -851 0 *
Wi

0101100
+855 0 -850 0 -849 0 +849 1 *
Fa
0  1e-07 240 0

0101000
+848 0 *
Ve
1e-07
-12.36236 -26.341668 1.3796
0 0

0101101
*
Ed
 1e-07 1 1 0
1  482 0 0 0.0152000000000001
0

0101000
+846 0 -846 1 *
Ed
 1e-07 1 1 0
1  483 0 0 0.0147031238177467
0

0101000
+851 0 -846 0 *
Wi

0101100
+850 0 -845 0 -844 0 +844 1 *
Fa
0  1e-07 241 0

0101000
+843 0 *
Ve
1e-07
-12.353033 -26.353033 1.3796
0 0

0101101
*
Ed
 1e-07 1 1 0
1  484 0 0 0.0152000000000001
0

0101000
+841 0 -841 1 *
Ed
 1e-07 1 1 0
1  485 0 0 0.0147022499638676
0

0101000
+846 0 -841 0 *
Wi

0101100
+845 0 -840 0 -839 0 +839 1 *
Fa
0  1e-07 242 0

0101000
+838 0 *
Ve
1e-07
-12.341668 -26.36236 1.3796
0 0

0101101
*
Ed
 1e-07 1 1 0
1  486 0 0 0.0152000000000001
0

0101000
+836 0 -836 1 *
Ed
 1e-07 1 1 0
1  487 0 0 0.0147022499638651
0

0101000
+841 0 -836 0 *
Wi

0101100
+840 0 -835 0 -834 0 +834 1 *
Fa
0  1e-07 243 0

0101000
+833 0 *
Ve
1e-07
-12.328701 -26.369291 1.3796
0 0

0101101
*
Ed
 1e-07 1 1 0
1  488 0 0 0.0152000000000001
0

0101000
+831 0 -831 1 *
Ed
 1e-07 1 1 0
1  489 0 0 0.0147031238177475
0

0101000
+836 0 -831 0 *
Wi

0101100
+835 0 -830 0 -829 0 +829 1 *
Fa
0  1e-07 244 0

0101000
+828 0 *
Ve
1e-07
-12.314632 -26.373559 1.3796
0 0

0101101
*
Ed
 1e-07 1 1 0
1  490 0 0 0.0152000000000001
0

0101000
+826 0 -826 1 *
Ed
 1e-07 1 1 0
1  491 0 0 0.0147021285873858
0

0101000
+831 0 -826 0 *
Wi

0101100
+830 0 -825 0 -824 0 +824 1 *
Fa
0  1e-07 245 0

0101000
+823 0 *
Ve
1e-07
-12.3 -26.375 1.3796
0 0

0101101
*
Ed
 1e-07 1 1 0
1  492 0 0 0.0152000000000001
0

0101000
+821 0 -821 1 *
Ed
 1e-07 1 1 0
1  493 0 0 0.0147027856204179
0

0101000
+826 0 -821 0 *
Wi

0101100
+825 0 -820 0 -819 0 +819 1 *
Fa
0  1e-07 246 0

0101000
+818 0 *
Ed
 1e-07 1 1 0
1  494 0 0 0.0147027856204196
0

0101000
+821 0 -973 0 *
Wi

0101100
+820 0 -972 0 -816 0 +816 1 *
Fa
0  1e-07 247 0

0101000
+815 0 *
Ve
1e-07
-11.971299 -26.069291 1.3796
0 0

0101101
*
Ed
 1e-07 1 1 0
1  495 0 0 0.0152000000000001
0

0101000
+813 0 -813 1 *
Ve
1e-07
-11.958332 -26.06236 1.3796
0 0

0101101
*
Ed
 1e-07 1 1 0
1  496 0 0 0.0152000000000001
0

0101000
+811 0 -811 1 *
Ed
 1e-07 1 1 0
1  497 0 0 0.0147031238177459
0

0101000
+813 0 -811 0 *
Wi

0101100
+812 0 -810 0 -809 0 +809 1 *
Fa
0  1e-07 248 0

0101000
+808 0 *
Ve
1e-07
-11.946967 -26.053033 1.3796
0 0

0101101
*
Ed
 1e-07 1 1 0
1  498 0 0 0.0152000000000001
0

0101000
+806 0 -806 1 *
Ed
 1e-07 1 1 0
1  499 0 0 0.0147022499638674
0

0101000
+811 0 -806 0 *
Wi

0101100
+810 0 -805 0 -804 0 +804 1 *
Fa
0  1e-07 249 0

0101000
+803 0 *
Ve
1e-07
-11.93764 -26.041668 1.3796
0 0

0101101
*
Ed
 1e-07 1 1 0
1  500 0 0 0.0152000000000001
0

0101000
+801 0 -801 1 *
Ed
 1e-07 1 1 0
1  501 0 0 0.0147022499638649
0

0101000
+806 0 -801 0 *
Wi

0101100
+805 0 -800 0 -799 0 +799 1 *
Fa
0  1e-07 250 0

0101000
+798 0 *
Ve
1e-07
-11.930709 -26.028701 1.3796
0 0

0101101
*
Ed
 1e-07 1 1 0
1  502 0 0 0.0152000000000001
0

0101000
+796 0 -796 1 *
Ed
 1e-07 1 1 0
1  503 0 0 0.0147031238177467
0

0101000
+801 0 -796 0 *
Wi

0101100
+800 0 -795 0 -794 0 +794 1 *
Fa
0  1e-07 251 0

0101000
+793 0 *
Ve
1e-07
-11.926441 -26.014632 1.3796
0 0

0101101
*
Ed
 1e-07 1 1 0
1  504 0 0 0.0152000000000001
0

0101000
+791 0 -791 1 *
Ed
 1e-07 1 1 0
1  505 0 0 0.0147021285873875
0

0101000
+796 0 -791 0 *
Wi

0101100
+795 0 -790 0 -789 0 +789 1 *
Fa
0  1e-07 252 0

0101000
+788 0 *
Ve
1e-07
-11.925 -26 1.3796
0 0

0101101
*
Ed
 1e-07 1 1 0
1  506 0 0 0.0152000000000001
0

0101000
+786 0 -786 1 *
Ed
 1e-07 1 1 0
1  507 0 0 0.0147027856204179
0

0101000
+791 0 -786 0 *
Wi

0101100
+790 0 -785 0 -784 0 +784 1 *
Fa
0  1e-07 253 0

0101000
+783 0 *
Ve
1e-07
-11.926441 -25.985368 1.3796
0 0

0101101
*
Ed
 1e-07 1 1 0
1  508 0 0 0.0152000000000001
0

0101000
+781 0 -781 1 *
Ed
 1e-07 1 1 0
1  509 0 0 0.0147027856204179
0

0101000
+786 0 -781 0 *
Wi

0101100
+785 0 -780 0 -779 0 +779 1 *
Fa
0  1e-07 254 0

0101000
+778 0 *
Ve
1e-07
-11.930709 -25.971299 1.3796
0 0

0101101
*
Ed
 1e-07 1 1 0
1  510 0 0 0.0152000000000001
0

0101000
+776 0 -776 1 *
Ed
 1e-07 1 1 0
1  511 0 0 0.0147021285873875
0

0101000
+781 0 -776 0 *
Wi

0101100
+780 0 -775 0 -774 0 +774 1 *
Fa
0  1e-07 255 0

0101000
+773 0 *
Ve
1e-07
-11.93764 -25.958332 1.3796
0 0

0101101
*
Ed
 1e-07 1 1 0
1  512 0 0 0.0152000000000001
0

0101000
+771 0 -771 1 *
Ed
 1e-07 1 1 0
1  513 0 0 0.0147031238177467
0

0101000
+776 0 -771 0 *
Wi

0101100
+775 0 -770 0 -769 0 +769 1 *
Fa
0  1e-07 256 0

0101000
+768 0 *
Ve
1e-07
-11.946967 -25.946967 1.3796
0 0

0101101
*
Ed
 1e-07 1 1 0
1  514 0 0 0.0152000000000001
0

0101000
+766 0 -766 1 *
Ed
 1e-07 1 1 0
1  515 0 0 0.0147022499638649
0

0101000
+771 0 -766 0 *
Wi

0101100
+770 0 -765 0 -764 0 +764 1 *
Fa
0  1e-07 257 0

0101000
+763 0 *
Ve
1e-07
-11.958332 -25.93764 1.3796
0 0

0101101
*
Ed
 1e-07 1 1 0
1  516 0 0 0.0152000000000001
0

0101000
+761 0 -761 1 *
Ed
 1e-07 1 1 0
1  517 0 0 0.0147022499638674
0

0101000
+766 0 -761 0 *
Wi

0101100
+765 0 -760 0 -759 0 +759 1 *
Fa
0  1e-07 258 0

0101000
+758 0 *
Ve
1e-07
-11.971299 -25.930709 1.3796
0 0

0101101
*
Ed
 1e-07 1 1 0
1  518 0 0 0.0152000000000001
0

0101000
+756 0 -756 1 *
Ed
 1e-07 1 1 0
1  519 0 0 0.0147031238177459
0

0101000
+761 0 -756 0 *
Wi

0101100
+760 0 -755 0 -754 0 +754 1 *
Fa
0  1e-07 259 0

0101000
+753 0 *
Ve
1e-07
-11.985368 -25.926441 1.3796
0 0

0101101
*
Ed
 1e-07 1 1 0
1  520 0 0 0.0152000000000001
0

0101000
+751 0 -751 1 *
Ed
 1e-07 1 1 0
1  521 0 0 0.0147021285873841
0

0101000
+756 0 -751 0 *
Wi

0101100
+755 0 -750 0 -749 0 +749 1 *
Fa
0  1e-07 260 0

0101000
+748 0 *
Ve
1e-07
-12 -25.925 1.3796
0 0

0101101
*
Ed
 1e-07 1 1 0
1  522 0 0 0.0152000000000001
0

0101000
+746 0 -746 1 *
Ed
 1e-07 1 1 0
1  523 0 0 0.0147027856204196
0

0101000
+751 0 -746 0 *
Wi

0101100
+750 0 -745 0 -744 0 +744 1 *
Fa
0  1e-07 261 0

0101000
+743 0 *
Ve
1e-07
-12.014632 -25.926441 1.3796
0 0

0101101
*
Ed
 1e-07 1 1 0
1  524 0 0 0.0152000000000001
0

0101000
+741 0 -741 1 *
Ed
 1e-07 1 1 0
1  525 0 0 0.0147027856204196
0

0101000
+746 0 -741 0 *
Wi

0101100
+745 0 -740 0 -739 0 +739 1 *
Fa
0  1e-07 262 0

0101000
+738 0 *
Ve
1e-07
-12.028701 -25.930709 1.3796
0 0

0101101
*
Ed
 1e-07 1 1 0
1  526 0 0 0.0152000000000001
0

0101000
+736 0 -736 1 *
Ed
 1e-07 1 1 0
1  527 0 0 0.0147021285873841
0

0101000
+741 0 -736 0 *
Wi

0101100
+740 0 -735 0 -734 0 +734 1 *
Fa
0  1e-07 263 0

0101000
+733 0 *
Ve
1e-07
-12.041668 -25.93764 1.3796
0 0

0101101
*
Ed
 1e-07 1 1 0
1  528 0 0 0.0152000000000001
0

0101000
+731 0 -731 1 *
Ed
 1e-07 1 1 0
1  529 0 0 0.0147031238177459
0

0101000
+736 0 -731 0 *
Wi

0101100
+735 0 -730 0 -729 0 +729 1 *
Fa
0  1e-07 264 0

0101000
+728 0 *
Ve
1e-07
-12.053033 -25.946967 1.3796
0 0

0101101
*
Ed
 1e-07 1 1 0
1  530 0 0 0.0152000000000001
0

0101000
+726 0 -726 1 *
Ed
 1e-07 1 1 0
1  531 0 0 0.0147022499638674
0

0101000
+731 0 -726 0 *
Wi

0101100
+730 0 -725 0 -724 0 +724 1 *
Fa
0  1e-07 265 0

0101000
+723 0 *
Ve
1e-07
-12.06236 -25.958332 1.3796
0 0

0101101
*
Ed
 1e-07 1 1 0
1  532 0 0 0.0152000000000001
0

0101000
+721 0 -721 1 *
Ed
 1e-07 1 1 0
1  533 0 0 0.0147022499638649
0

0101000
+726 0 -721 0 *
Wi

0101100
+725 0 -720 0 -719 0 +719 1 *
Fa
0  1e-07 266 0

0101000
+718 0 *
Ve
1e-07
-12.069291 -25.971299 1.3796
0 0

0101101
*
Ed
 1e-07 1 1 0
1  534 0 0 0.0152000000000001
0

0101000
+716 0 -716 1 *
Ed
 1e-07 1 1 0
1  535 0 0 0.0147031238177467
0

0101000
+721 0 -716 0 *
Wi

0101100
+720 0 -715 0 -714 0 +714 1 *
Fa
0  1e-07 267 0

0101000
+713 0 *
Ve
1e-07
-12.073559 -25.985368 1.3796
0 0

0101101
*
Ed
 1e-07 1 1 0
1  536 0 0 0.0152000000000001
0

0101000
+711 0 -711 1 *
Ed
 1e-07 1 1 0
1  537 0 0 0.0147021285873875
0

0101000
+716 0 -711 0 *
Wi

0101100
+715 0 -710 0 -709 0 +709 1 *
Fa
0  1e-07 268 0

0101000
+708 0 *
Ve
1e-07
-12.075 -26 1.3796
0 0

0101101
*
Ed
 1e-07 1 1 0
1  538 0 0 0.0152000000000001
0

0101000
+706 0 -706 1 *
Ed
 1e-07 1 1 0
1  539 0 0 0.0147027856204179
0

0101000
+711 0 -706 0 *
Wi

0101100
+710 0 -705 0 -704 0 +704 1 *
Fa
0  1e-07 269 0

0101000
+703 0 *
Ve
1e-07
-12.073559 -26.014632 1.3796
0 0

0101101
*
Ed
 1e-07 1 1 0
1  540 0 0 0.0152000000000001
0

0101000
+701 0 -701 1 *
Ed
 1e-07 1 1 0
1  541 0 0 0.0147027856204179
0

0101000
+706 0 -701 0 *
Wi

0101100
+705 0 -700 0 -699 0 +699 1 *
Fa
0  1e-07 270 0

0101000
+698 0 *
Ve
1e-07
-12.069291 -26.028701 1.3796
0 0

0101101
*
Ed
 1e-07 1 1 0
1  542 0 0 0.0152000000000001
0

0101000
+696 0 -696 1 *
Ed
 1e-07 1 1 0
1  543 0 0 0.0147021285873875
0

0101000
+701 0 -696 0 *
Wi

0101100
+700 0 -695 0 -694 0 +694 1 *
Fa
0  1e-07 271 0

0101000
+693 0 *
Ve
1e-07
-12.06236 -26.041668 1.3796
0 0

0101101
*
Ed
 1e-07 1 1 0
1  544 0 0 0.0152000000000001
0

0101000
+691 0 -691 1 *
Ed
 1e-07 1 1 0
1  545 0 0 0.0147031238177467
0

0101000
+696 0 -691 0 *
Wi

0101100
+695 0 -690 0 -689 0 +689 1 *
Fa
0  1e-07 272 0

0101000
+688 0 *
Ve
1e-07
-12.053033 -26.053033 1.3796
0 0

0101101
*
Ed
 1e-07 1 1 0
1  546 0 0 0.0152000000000001
0

0101000
+686 0 -686 1 *
Ed
 1e-07 1 1 0
1  547 0 0 0.0147022499638649
0

0101000
+691 0 -686 0 *
Wi

0101100
+690 0 -685 0 -684 0 +684 1 *
Fa
0  1e-07 273 0

0101000
+683 0 *
Ve
1e-07
-12.041668 -26.06236 1.3796
0 0

0101101
*
Ed
 1e-07 1 1 0
1  548 0 0 0.0152000000000001
0

0101000
+681 0 -681 1 *
Ed
 1e-07 1 1 0
1  549 0 0 0.0147022499638674
0

0101000
+686 0 -681 0 *
Wi

0101100
+685 0 -680 0 -679 0 +679 1 *
Fa
0  1e-07 274 0

0101000
+678 0 *
Ve
1e-07
-12.028701 -26.069291 1.3796
0 0

0101101
*
Ed
 1e-07 1 1 0
1  550 0 0 0.0152000000000001
0

0101000
+676 0 -676 1 *
Ed
 1e-07 1 1 0
1  551 0 0 0.0147031238177459
0

0101000
+681 0 -676 0 *
Wi

0101100
+680 0 -675 0 -674 0 +674 1 *
Fa
0  1e-07 275 0

0101000
+673 0 *
Ve
1e-07
-12.014632 -26.073559 1.3796
0 0

0101101
*
Ed
 1e-07 1 1 0
1  552 0 0 0.0152000000000001
0

0101000
+671 0 -671 1 *
Ed
 1e-07 1 1 0
1  553 0 0 0.0147021285873841
0

0101000
+676 0 -671 0 *
Wi

0101100
+675 0 -670 0 -669 0 +669 1 *
Fa
0  1e-07 276 0

0101000
+668 0 *
Ve
1e-07
-12 -26.075 1.3796
0 0

0101101
*
Ed
 1e-07 1 1 0
1  554 0 0 0.0152000000000001
0

0101000
+666 0 -666 1 *
Ed
 1e-07 1 1 0
1  555 0 0 0.0147027856204196
0

0101000
+671 0 -666 0 *
Wi

0101100
+670 0 -665 0 -664 0 +664 1 *
Fa
0  1e-07 277 0

0101000
+663 0 *
Ve
1e-07
-11.985368 -26.073559 1.3796
0 0

0101101
*
Ed
 1e-07 1 1 0
1  556 0 0 0.0152000000000001
0

0101000
+661 0 -661 1 *
Ed
 1e-07 1 1 0
1  557 0 0 0.0147027856204196
0

0101000
+666 0 -661 0 *
Wi

0101100
+665 0 -660 0 -659 0 +659 1 *
Fa
0  1e-07 278 0

0101000
+658 0 *
Ed
 1e-07 1 1 0
1  558 0 0 0.0147021285873841
0

0101000
+661 0 -813 0 *
Wi

0101100
+660 0 -812 0 -656 0 +656 1 *
Fa
0  1e-07 279 0

0101000
+655 0 *
Ve
1e-07
-10.785368 -23.673559 1.3796
0 0

0101101
*
Ed
 1e-07 1 1 0
1  559 0 0 0.0152000000000001
0

0101000
+653 0 -653 1 *
Ve
1e-07
-10.771299 -23.669291 1.3796
0 0

0101101
*
Ed
 1e-07 1 1 0
1  560 0 0 0.0152000000000001
0

0101000
+651 0 -651 1 *
Ed
 1e-07 1 1 0
1  561 0 0 0.0147021285873841
0

0101000
+653 0 -651 0 *
Wi

0101100
+652 0 -650 0 -649 0 +649 1 *
Fa
0  1e-07 280 0

0101000
+648 0 *
Ve
1e-07
-10.758332 -23.66236 1.3796
0 0

0101101
*
Ed
 1e-07 1 1 0
1  562 0 0 0.0152000000000001
0

0101000
+646 0 -646 1 *
Ed
 1e-07 1 1 0
1  563 0 0 0.0147031238177491
0

0101000
+651 0 -646 0 *
Wi

0101100
+650 0 -645 0 -644 0 +644 1 *
Fa
0  1e-07 281 0

0101000
+643 0 *
Ve
1e-07
-10.746967 -23.653033 1.3796
0 0

0101101
*
Ed
 1e-07 1 1 0
1  564 0 0 0.0152000000000001
0

0101000
+641 0 -641 1 *
Ed
 1e-07 1 1 0
1  565 0 0 0.0147022499638651
0

0101000
+646 0 -641 0 *
Wi

0101100
+645 0 -640 0 -639 0 +639 1 *
Fa
0  1e-07 282 0

0101000
+638 0 *
Ve
1e-07
-10.73764 -23.641668 1.3796
0 0

0101101
*
Ed
 1e-07 1 1 0
1  566 0 0 0.0152000000000001
0

0101000
+636 0 -636 1 *
Ed
 1e-07 1 1 0
1  567 0 0 0.0147022499638665
0

0101000
+641 0 -636 0 *
Wi

0101100
+640 0 -635 0 -634 0 +634 1 *
Fa
0  1e-07 283 0

0101000
+633 0 *
Ve
1e-07
-10.730709 -23.628701 1.3796
0 0

0101101
*
Ed
 1e-07 1 1 0
1  568 0 0 0.0152000000000001
0

0101000
+631 0 -631 1 *
Ed
 1e-07 1 1 0
1  569 0 0 0.0147031238177475
0

0101000
+636 0 -631 0 *
Wi

0101100
+635 0 -630 0 -629 0 +629 1 *
Fa
0  1e-07 284 0

0101000
+628 0 *
Ve
1e-07
-10.726441 -23.614632 1.3796
0 0

0101101
*
Ed
 1e-07 1 1 0
1  570 0 0 0.0152000000000001
0

0101000
+626 0 -626 1 *
Ed
 1e-07 1 1 0
1  571 0 0 0.0147021285873841
0

0101000
+631 0 -626 0 *
Wi

0101100
+630 0 -625 0 -624 0 +624 1 *
Fa
0  1e-07 285 0

0101000
+623 0 *
Ve
1e-07
-10.725 -23.6 1.3796
0 0

0101101
*
Ed
 1e-07 1 1 0
1  572 0 0 0.0152000000000001
0

0101000
+621 0 -621 1 *
Ed
 1e-07 1 1 0
1  573 0 0 0.0147027856204179
0

0101000
+626 0 -621 0 *
Wi

0101100
+625 0 -620 0 -619 0 +619 1 *
Fa
0  1e-07 286 0

0101000
+618 0 *
Ve
1e-07
-10.726441 -23.585368 1.3796
0 0

0101101
*
Ed
 1e-07 1 1 0
1  574 0 0 0.0152000000000001
0

0101000
+616 0 -616 1 *
Ed
 1e-07 1 1 0
1  575 0 0 0.0147027856204214
0

0101000
+621 0 -616 0 *
Wi

0101100
+620 0 -615 0 -614 0 +614 1 *
Fa
0  1e-07 287 0

0101000
+613 0 *
Ve
1e-07
-10.730709 -23.571299 1.3796
0 0

0101101
*
Ed
 1e-07 1 1 0
1  576 0 0 0.0152000000000001
0

0101000
+611 0 -611 1 *
Ed
 1e-07 1 1 0
1  577 0 0 0.0147021285873841
0

0101000
+616 0 -611 0 *
Wi

0101100
+615 0 -610 0 -609 0 +609 1 *
Fa
0  1e-07 288 0

0101000
+608 0 *
Ve
1e-07
-10.73764 -23.558332 1.3796
0 0

0101101
*
Ed
 1e-07 1 1 0
1  578 0 0 0.0152000000000001
0

0101000
+606 0 -606 1 *
Ed
 1e-07 1 1 0
1  579 0 0 0.0147031238177475
0

0101000
+611 0 -606 0 *
Wi

0101100
+610 0 -605 0 -604 0 +604 1 *
Fa
0  1e-07 289 0

0101000
+603 0 *
Ve
1e-07
-10.746967 -23.546967 1.3796
0 0

0101101
*
Ed
 1e-07 1 1 0
1  580 0 0 0.0152000000000001
0

0101000
+601 0 -601 1 *
Ed
 1e-07 1 1 0
1  581 0 0 0.0147022499638665
0

0101000
+606 0 -601 0 *
Wi

0101100
+605 0 -600 0 -599 0 +599 1 *
Fa
0  1e-07 290 0

0101000
+598 0 *
Ve
1e-07
-10.758332 -23.53764 1.3796
0 0

0101101
*
Ed
 1e-07 1 1 0
1  582 0 0 0.0152000000000001
0

0101000
+596 0 -596 1 *
Ed
 1e-07 1 1 0
1  583 0 0 0.0147022499638651
0

0101000
+601 0 -596 0 *
Wi

0101100
+600 0 -595 0 -594 0 +594 1 *
Fa
0  1e-07 291 0

0101000
+593 0 *
Ve
1e-07
-10.771299 -23.530709 1.3796
0 0

0101101
*
Ed
 1e-07 1 1 0
1  584 0 0 0.0152000000000001
0

0101000
+591 0 -591 1 *
Ed
 1e-07 1 1 0
1  585 0 0 0.0147031238177474
0

0101000
+596 0 -591 0 *
Wi

0101100
+595 0 -590 0 -589 0 +589 1 *
Fa
0  1e-07 292 0

0101000
+588 0 *
Ve
1e-07
-10.785368 -23.526441 1.3796
0 0

0101101
*
Ed
 1e-07 1 1 0
1  586 0 0 0.0152000000000001
0

0101000
+586 0 -586 1 *
Ed
 1e-07 1 1 0
1  587 0 0 0.0147021285873851
0

0101000
+591 0 -586 0 *
Wi

0101100
+590 0 -585 0 -584 0 +584 1 *
Fa
0  1e-07 293 0

0101000
+583 0 *
Ve
1e-07
-10.8 -23.525 1.3796
0 0

0101101
*
Ed
 1e-07 1 1 0
1  588 0 0 0.0152000000000001
0

0101000
+581 0 -581 1 *
Ed
 1e-07 1 1 0
1  589 0 0 0.0147027856204196
0

0101000
+586 0 -581 0 *
Wi

0101100
+585 0 -580 0 -579 0 +579 1 *
Fa
0  1e-07 294 0

0101000
+578 0 *
Ve
1e-07
-10.814632 -23.526441 1.3796
0 0

0101101
*
Ed
 1e-07 1 1 0
1  590 0 0 0.0152000000000001
0

0101000
+576 0 -576 1 *
Ed
 1e-07 1 1 0
1  591 0 0 0.0147027856204179
0

0101000
+581 0 -576 0 *
Wi

0101100
+580 0 -575 0 -574 0 +574 1 *
Fa
0  1e-07 295 0

0101000
+573 0 *
Ve
1e-07
-10.828701 -23.530709 1.3796
0 0

0101101
*
Ed
 1e-07 1 1 0
1  592 0 0 0.0152000000000001
0

0101000
+571 0 -571 1 *
Ed
 1e-07 1 1 0
1  593 0 0 0.0147021285873868
0

0101000
+576 0 -571 0 *
Wi

0101100
+575 0 -570 0 -569 0 +569 1 *
Fa
0  1e-07 296 0

0101000
+568 0 *
Ve
1e-07
-10.841668 -23.53764 1.3796
0 0

0101101
*
Ed
 1e-07 1 1 0
1  594 0 0 0.0152000000000001
0

0101000
+566 0 -566 1 *
Ed
 1e-07 1 1 0
1  595 0 0 0.0147031238177459
0

0101000
+571 0 -566 0 *
Wi

0101100
+570 0 -565 0 -564 0 +564 1 *
Fa
0  1e-07 297 0

0101000
+563 0 *
Ve
1e-07
-10.853033 -23.546967 1.3796
0 0

0101101
*
Ed
 1e-07 1 1 0
1  596 0 0 0.0152000000000001
0

0101000
+561 0 -561 1 *
Ed
 1e-07 1 1 0
1  597 0 0 0.0147022499638651
0

0101000
+566 0 -561 0 *
Wi

0101100
+565 0 -560 0 -559 0 +559 1 *
Fa
0  1e-07 298 0

0101000
+558 0 *
Ve
1e-07
-10.86236 -23.558332 1.3796
0 0

0101101
*
Ed
 1e-07 1 1 0
1  598 0 0 0.0152000000000001
0

0101000
+556 0 -556 1 *
Ed
 1e-07 1 1 0
1  599 0 0 0.0147022499638676
0

0101000
+561 0 -556 0 *
Wi

0101100
+560 0 -555 0 -554 0 +554 1 *
Fa
0  1e-07 299 0

0101000
+553 0 *
Ve
1e-07
-10.869291 -23.571299 1.3796
0 0

0101101
*
Ed
 1e-07 1 1 0
1  600 0 0 0.0152000000000001
0

0101000
+551 0 -551 1 *
Ed
 1e-07 1 1 0
1  601 0 0 0.0147031238177467
0

0101000
+556 0 -551 0 *
Wi

0101100
+555 0 -550 0 -549 0 +549 1 *
Fa
0  1e-07 300 0

0101000
+548 0 *
Ve
1e-07
-10.873559 -23.585368 1.3796
0 0

0101101
*
Ed
 1e-07 1 1 0
1  602 0 0 0.0152000000000001
0

0101000
+546 0 -546 1 *
Ed
 1e-07 1 1 0
1  603 0 0 0.0147021285873841
0

0101000
+551 0 -546 0 *
Wi

0101100
+550 0 -545 0 -544 0 +544 1 *
Fa
0  1e-07 301 0

0101000
+543 0 *
Ve
1e-07
-10.875 -23.6 1.3796
0 0

0101101
*
Ed
 1e-07 1 1 0
1  604 0 0 0.0152000000000001
0

0101000
+541 0 -541 1 *
Ed
 1e-07 1 1 0
1  605 0 0 0.0147027856204214
0

0101000
+546 0 -541 0 *
Wi

0101100
+545 0 -540 0 -539 0 +539 1 *
Fa
0  1e-07 302 0

0101000
+538 0 *
Ve
1e-07
-10.873559 -23.614632 1.3796
0 0

0101101
*
Ed
 1e-07 1 1 0
1  606 0 0 0.0152000000000001
0

0101000
+536 0 -536 1 *
Ed
 1e-07 1 1 0
1  607 0 0 0.0147027856204179
0

0101000
+541 0 -536 0 *
Wi

0101100
+540 0 -535 0 -534 0 +534 1 *
Fa
0  1e-07 303 0

0101000
+533 0 *
Ve
1e-07
-10.869291 -23.628701 1.3796
0 0

0101101
*
Ed
 1e-07 1 1 0
1  608 0 0 0.0152000000000001
0

0101000
+531 0 -531 1 *
Ed
 1e-07 1 1 0
1  609 0 0 0.0147021285873841
0

0101000
+536 0 -531 0 *
Wi

0101100
+535 0 -530 0 -529 0 +529 1 *
Fa
0  1e-07 304 0

0101000
+528 0 *
Ve
1e-07
-10.86236 -23.641668 1.3796
0 0

0101101
*
Ed
 1e-07 1 1 0
1  610 0 0 0.0152000000000001
0

0101000
+526 0 -526 1 *
Ed
 1e-07 1 1 0
1  611 0 0 0.0147031238177467
0

0101000
+531 0 -526 0 *
Wi

0101100
+530 0 -525 0 -524 0 +524 1 *
Fa
0  1e-07 305 0

0101000
+523 0 *
Ve
1e-07
-10.853033 -23.653033 1.3796
0 0

0101101
*
Ed
 1e-07 1 1 0
1  612 0 0 0.0152000000000001
0

0101000
+521 0 -521 1 *
Ed
 1e-07 1 1 0
1  613 0 0 0.0147022499638676
0

0101000
+526 0 -521 0 *
Wi

0101100
+525 0 -520 0 -519 0 +519 1 *
Fa
0  1e-07 306 0

0101000
+518 0 *
Ve
1e-07
-10.841668 -23.66236 1.3796
0 0

0101101
*
Ed
 1e-07 1 1 0
1  614 0 0 0.0152000000000001
0

0101000
+516 0 -516 1 *
Ed
 1e-07 1 1 0
1  615 0 0 0.0147022499638651
0

0101000
+521 0 -516 0 *
Wi

0101100
+520 0 -515 0 -514 0 +514 1 *
Fa
0  1e-07 307 0

0101000
+513 0 *
Ve
1e-07
-10.828701 -23.669291 1.3796
0 0

0101101
*
Ed
 1e-07 1 1 0
1  616 0 0 0.0152000000000001
0

0101000
+511 0 -511 1 *
Ed
 1e-07 1 1 0
1  617 0 0 0.0147031238177475
0

0101000
+516 0 -511 0 *
Wi

0101100
+515 0 -510 0 -509 0 +509 1 *
Fa
0  1e-07 308 0

0101000
+508 0 *
Ve
1e-07
-10.814632 -23.673559 1.3796
0 0

0101101
*
Ed
 1e-07 1 1 0
1  618 0 0 0.0152000000000001
0

0101000
+506 0 -506 1 *
Ed
 1e-07 1 1 0
1  619 0 0 0.0147021285873858
0

0101000
+511 0 -506 0 *
Wi

0101100
+510 0 -505 0 -504 0 +504 1 *
Fa
0  1e-07 309 0

0101000
+503 0 *
Ve
1e-07
-10.8 -23.675 1.3796
0 0

0101101
*
Ed
 1e-07 1 1 0
1  620 0 0 0.0152000000000001
0

0101000
+501 0 -501 1 *
Ed
 1e-07 1 1 0
1  621 0 0 0.0147027856204179
0

0101000
+506 0 -501 0 *
Wi

0101100
+505 0 -500 0 -499 0 +499 1 *
Fa
0  1e-07 310 0

0101000
+498 0 *
Ed
 1e-07 1 1 0
1  622 0 0 0.0147027856204196
0

0101000
+501 0 -653 0 *
Wi

0101100
+500 0 -652 0 -496 0 +496 1 *
Fa
0  1e-07 311 0

0101000
+495 0 *
Ve
1e-07
-9.885368 -13.973559 1.3796
0 0

0101101
*
Ed
 1e-07 1 1 0
1  623 0 0 0.0152000000000001
0

0101000
+493 0 -493 1 *
Ve
1e-07
-9.871299 -13.969291 1.3796
0 0

0101101
*
Ed
 1e-07 1 1 0
1  624 0 0 0.0152000000000001
0

0101000
+491 0 -491 1 *
Ed
 1e-07 1 1 0
1  625 0 0 0.0147021285873841
0

0101000
+493 0 -491 0 *
Wi

0101100
+492 0 -490 0 -489 0 +489 1 *
Fa
0  1e-07 312 0

0101000
+488 0 *
Ve
1e-07
-9.858332 -13.96236 1.3796
0 0

0101101
*
Ed
 1e-07 1 1 0
1  626 0 0 0.0152000000000001
0

0101000
+486 0 -486 1 *
Ed
 1e-07 1 1 0
1  627 0 0 0.0147031238177467
0

0101000
+491 0 -486 0 *
Wi

0101100
+490 0 -485 0 -484 0 +484 1 *
Fa
0  1e-07 313 0

0101000
+483 0 *
Ve
1e-07
-9.846967 -13.953033 1.3796
0 0

0101101
*
Ed
 1e-07 1 1 0
1  628 0 0 0.0152000000000001
0

0101000
+481 0 -481 1 *
Ed
 1e-07 1 1 0
1  629 0 0 0.0147022499638676
0

0101000
+486 0 -481 0 *
Wi

0101100
+485 0 -480 0 -479 0 +479 1 *
Fa
0  1e-07 314 0

0101000
+478 0 *
Ve
1e-07
-9.83764 -13.941668 1.3796
0 0

0101101
*
Ed
 1e-07 1 1 0
1  630 0 0 0.0152000000000001
0

0101000
+476 0 -476 1 *
Ed
 1e-07 1 1 0
1  631 0 0 0.0147022499638651
0

0101000
+481 0 -476 0 *
Wi

0101100
+480 0 -475 0 -474 0 +474 1 *
Fa
0  1e-07 315 0

0101000
+473 0 *
Ve
1e-07
-9.830709 -13.928701 1.3796
0 0

0101101
*
Ed
 1e-07 1 1 0
1  632 0 0 0.0152000000000001
0

0101000
+471 0 -471 1 *
Ed
 1e-07 1 1 0
1  633 0 0 0.0147031238177467
0

0101000
+476 0 -471 0 *
Wi

0101100
+475 0 -470 0 -469 0 +469 1 *
Fa
0  1e-07 316 0

0101000
+468 0 *
Ve
1e-07
-9.826441 -13.914632 1.3796
0 0

0101101
*
Ed
 1e-07 1 1 0
1  634 0 0 0.0152000000000001
0

0101000
+466 0 -466 1 *
Ed
 1e-07 1 1 0
1  635 0 0 0.0147021285873858
0

0101000
+471 0 -466 0 *
Wi

0101100
+470 0 -465 0 -464 0 +464 1 *
Fa
0  1e-07 317 0

0101000
+463 0 *
Ve
1e-07
-9.825 -13.9 1.3796
0 0

0101101
*
Ed
 1e-07 1 1 0
1  636 0 0 0.0152000000000001
0

0101000
+461 0 -461 1 *
Ed
 1e-07 1 1 0
1  637 0 0 0.014702785620418
0

0101000
+466 0 -461 0 *
Wi

0101100
+465 0 -460 0 -459 0 +459 1 *
Fa
0  1e-07 318 0

0101000
+458 0 *
Ve
1e-07
-9.826441 -13.885368 1.3796
0 0

0101101
*
Ed
 1e-07 1 1 0
1  638 0 0 0.0152000000000001
0

0101000
+456 0 -456 1 *
Ed
 1e-07 1 1 0
1  639 0 0 0.0147027856204198
0

0101000
+461 0 -456 0 *
Wi

0101100
+460 0 -455 0 -454 0 +454 1 *
Fa
0  1e-07 319 0

0101000
+453 0 *
Ve
1e-07
-9.830709 -13.871299 1.3796
0 0

0101101
*
Ed
 1e-07 1 1 0
1  640 0 0 0.0152000000000001
0

0101000
+451 0 -451 1 *
Ed
 1e-07 1 1 0
1  641 0 0 0.0147021285873841
0

0101000
+456 0 -451 0 *
Wi

0101100
+455 0 -450 0 -449 0 +449 1 *
Fa
0  1e-07 320 0

0101000
+448 0 *
Ve
1e-07
-9.83764 -13.858332 1.3796
0 0

0101101
*
Ed
 1e-07 1 1 0
1  642 0 0 0.0152000000000001
0

0101000
+446 0 -446 1 *
Ed
 1e-07 1 1 0
1  643 0 0 0.0147031238177467
0

0101000
+451 0 -446 0 *
Wi

0101100
+450 0 -445 0 -444 0 +444 1 *
Fa
0  1e-07 321 0

0101000
+443 0 *
Ve
1e-07
-9.846967 -13.846967 1.3796
0 0

0101101
*
Ed
 1e-07 1 1 0
1  644 0 0 0.0152000000000001
0

0101000
+441 0 -441 1 *
Ed
 1e-07 1 1 0
1  645 0 0 0.0147022499638665
0

0101000
+446 0 -441 0 *
Wi

0101100
+445 0 -440 0 -439 0 +439 1 *
Fa
0  1e-07 322 0

0101000
+438 0 *
Ve
1e-07
-9.858332 -13.83764 1.3796
0 0

0101101
*
Ed
 1e-07 1 1 0
1  646 0 0 0.0152000000000001
0

0101000
+436 0 -436 1 *
Ed
 1e-07 1 1 0
1  647 0 0 0.0147022499638665
0

0101000
+441 0 -436 0 *
Wi

0101100
+440 0 -435 0 -434 0 +434 1 *
Fa
0  1e-07 323 0

0101000
+433 0 *
Ve
1e-07
-9.871299 -13.830709 1.3796
0 0

0101101
*
Ed
 1e-07 1 1 0
1  648 0 0 0.0152000000000001
0

0101000
+431 0 -431 1 *
Ed
 1e-07 1 1 0
1  649 0 0 0.0147031238177467
0

0101000
+436 0 -431 0 *
Wi

0101100
+435 0 -430 0 -429 0 +429 1 *
Fa
0  1e-07 324 0

0101000
+428 0 *
Ve
1e-07
-9.885368 -13.826441 1.3796
0 0

0101101
*
Ed
 1e-07 1 1 0
1  650 0 0 0.0152000000000001
0

0101000
+426 0 -426 1 *
Ed
 1e-07 1 1 0
1  651 0 0 0.0147021285873841
0

0101000
+431 0 -426 0 *
Wi

0101100
+430 0 -425 0 -424 0 +424 1 *
Fa
0  1e-07 325 0

0101000
+423 0 *
Ve
1e-07
-9.9 -13.825 1.3796
0 0

0101101
*
Ed
 1e-07 1 1 0
1  652 0 0 0.0152000000000001
0

0101000
+421 0 -421 1 *
Ed
 1e-07 1 1 0
1  653 0 0 0.0147027856204198
0

0101000
+426 0 -421 0 *
Wi

0101100
+425 0 -420 0 -419 0 +419 1 *
Fa
0  1e-07 326 0

0101000
+418 0 *
Ve
1e-07
-9.914632 -13.826441 1.3796
0 0

0101101
*
Ed
 1e-07 1 1 0
1  654 0 0 0.0152000000000001
0

0101000
+416 0 -416 1 *
Ed
 1e-07 1 1 0
1  655 0 0 0.014702785620418
0

0101000
+421 0 -416 0 *
Wi

0101100
+420 0 -415 0 -414 0 +414 1 *
Fa
0  1e-07 327 0

0101000
+413 0 *
Ve
1e-07
-9.928701 -13.830709 1.3796
0 0

0101101
*
Ed
 1e-07 1 1 0
1  656 0 0 0.0152000000000001
0

0101000
+411 0 -411 1 *
Ed
 1e-07 1 1 0
1  657 0 0 0.0147021285873858
0

0101000
+416 0 -411 0 *
Wi

0101100
+415 0 -410 0 -409 0 +409 1 *
Fa
0  1e-07 328 0

0101000
+408 0 *
Ve
1e-07
-9.941668 -13.83764 1.3796
0 0

0101101
*
Ed
 1e-07 1 1 0
1  658 0 0 0.0152000000000001
0

0101000
+406 0 -406 1 *
Ed
 1e-07 1 1 0
1  659 0 0 0.0147031238177467
0

0101000
+411 0 -406 0 *
Wi

0101100
+410 0 -405 0 -404 0 +404 1 *
Fa
0  1e-07 329 0

0101000
+403 0 *
Ve
1e-07
-9.953033 -13.846967 1.3796
0 0

0101101
*
Ed
 1e-07 1 1 0
1  660 0 0 0.0152000000000001
0

0101000
+401 0 -401 1 *
Ed
 1e-07 1 1 0
1  661 0 0 0.0147022499638651
0

0101000
+406 0 -401 0 *
Wi

0101100
+405 0 -400 0 -399 0 +399 1 *
Fa
0  1e-07 330 0

0101000
+398 0 *
Ve
1e-07
-9.96236 -13.858332 1.3796
0 0

0101101
*
Ed
 1e-07 1 1 0
1  662 0 0 0.0152000000000001
0

0101000
+396 0 -396 1 *
Ed
 1e-07 1 1 0
1  663 0 0 0.0147022499638676
0

0101000
+401 0 -396 0 *
Wi

0101100
+400 0 -395 0 -394 0 +394 1 *
Fa
0  1e-07 331 0

0101000
+393 0 *
Ve
1e-07
-9.969291 -13.871299 1.3796
0 0

0101101
*
Ed
 1e-07 1 1 0
1  664 0 0 0.0152000000000001
0

0101000
+391 0 -391 1 *
Ed
 1e-07 1 1 0
1  665 0 0 0.0147031238177467
0

0101000
+396 0 -391 0 *
Wi

0101100
+395 0 -390 0 -389 0 +389 1 *
Fa
0  1e-07 332 0

0101000
+388 0 *
Ve
1e-07
-9.973559 -13.885368 1.3796
0 0

0101101
*
Ed
 1e-07 1 1 0
1  666 0 0 0.0152000000000001
0

0101000
+386 0 -386 1 *
Ed
 1e-07 1 1 0
1  667 0 0 0.0147021285873841
0

0101000
+391 0 -386 0 *
Wi

0101100
+390 0 -385 0 -384 0 +384 1 *
Fa
0  1e-07 333 0

0101000
+383 0 *
Ve
1e-07
-9.975 -13.9 1.3796
0 0

0101101
*
Ed
 1e-07 1 1 0
1  668 0 0 0.0152000000000001
0

0101000
+381 0 -381 1 *
Ed
 1e-07 1 1 0
1  669 0 0 0.0147027856204196
0

0101000
+386 0 -381 0 *
Wi

0101100
+385 0 -380 0 -379 0 +379 1 *
Fa
0  1e-07 334 0

0101000
+378 0 *
Ve
1e-07
-9.973559 -13.914632 1.3796
0 0

0101101
*
Ed
 1e-07 1 1 0
1  670 0 0 0.0152000000000001
0

0101000
+376 0 -376 1 *
Ed
 1e-07 1 1 0
1  671 0 0 0.0147027856204179
0

0101000
+381 0 -376 0 *
Wi

0101100
+380 0 -375 0 -374 0 +374 1 *
Fa
0  1e-07 335 0

0101000
+373 0 *
Ve
1e-07
-9.969291 -13.928701 1.3796
0 0

0101101
*
Ed
 1e-07 1 1 0
1  672 0 0 0.0152000000000001
0

0101000
+371 0 -371 1 *
Ed
 1e-07 1 1 0
1  673 0 0 0.0147021285873858
0

0101000
+376 0 -371 0 *
Wi

0101100
+375 0 -370 0 -369 0 +369 1 *
Fa
0  1e-07 336 0

0101000
+368 0 *
Ve
1e-07
-9.96236 -13.941668 1.3796
0 0

0101101
*
Ed
 1e-07 1 1 0
1  674 0 0 0.0152000000000001
0

0101000
+366 0 -366 1 *
Ed
 1e-07 1 1 0
1  675 0 0 0.0147031238177467
0

0101000
+371 0 -366 0 *
Wi

0101100
+370 0 -365 0 -364 0 +364 1 *
Fa
0  1e-07 337 0

0101000
+363 0 *
Ve
1e-07
-9.953033 -13.953033 1.3796
0 0

0101101
*
Ed
 1e-07 1 1 0
1  676 0 0 0.0152000000000001
0

0101000
+361 0 -361 1 *
Ed
 1e-07 1 1 0
1  677 0 0 0.0147022499638663
0

0101000
+366 0 -361 0 *
Wi

0101100
+365 0 -360 0 -359 0 +359 1 *
Fa
0  1e-07 338 0

0101000
+358 0 *
Ve
1e-07
-9.941668 -13.96236 1.3796
0 0

0101101
*
Ed
 1e-07 1 1 0
1  678 0 0 0.0152000000000001
0

0101000
+356 0 -356 1 *
Ed
 1e-07 1 1 0
1  679 0 0 0.0147022499638663
0

0101000
+361 0 -356 0 *
Wi

0101100
+360 0 -355 0 -354 0 +354 1 *
Fa
0  1e-07 339 0

0101000
+353 0 *
Ve
1e-07
-9.928701 -13.969291 1.3796
0 0

0101101
*
Ed
 1e-07 1 1 0
1  680 0 0 0.0152000000000001
0

0101000
+351 0 -351 1 *
Ed
 1e-07 1 1 0
1  681 0 0 0.0147031238177467
0

0101000
+356 0 -351 0 *
Wi

0101100
+355 0 -350 0 -349 0 +349 1 *
Fa
0  1e-07 340 0

0101000
+348 0 *
Ve
1e-07
-9.914632 -13.973559 1.3796
0 0

0101101
*
Ed
 1e-07 1 1 0
1  682 0 0 0.0152000000000001
0

0101000
+346 0 -346 1 *
Ed
 1e-07 1 1 0
1  683 0 0 0.0147021285873858
0

0101000
+351 0 -346 0 *
Wi

0101100
+350 0 -345 0 -344 0 +344 1 *
Fa
0  1e-07 341 0

0101000
+343 0 *
Ve
1e-07
-9.9 -13.975 1.3796
0 0

0101101
*
Ed
 1e-07 1 1 0
1  684 0 0 0.0152000000000001
0

0101000
+341 0 -341 1 *
Ed
 1e-07 1 1 0
1  685 0 0 0.0147027856204179
0

0101000
+346 0 -341 0 *
Wi

0101100
+345 0 -340 0 -339 0 +339 1 *
Fa
0  1e-07 342 0

0101000
+338 0 *
Ed
 1e-07 1 1 0
1  686 0 0 0.0147027856204196
0

0101000
+341 0 -493 0 *
Wi

0101100
+340 0 -492 0 -336 0 +336 1 *
Fa
0  1e-07 343 0

0101000
+335 0 *
Ve
1e-07
-7.785368 -11.873559 1.3796
0 0

0101101
*
Ed
 1e-07 1 1 0
1  687 0 0 0.0152000000000001
0

0101000
+333 0 -333 1 *
Ve
1e-07
-7.771299 -11.869291 1.3796
0 0

0101101
*
Ed
 1e-07 1 1 0
1  688 0 0 0.0152000000000001
0

0101000
+331 0 -331 1 *
Ed
 1e-07 1 1 0
1  689 0 0 0.0147021285873849
0

0101000
+333 0 -331 0 *
Wi

0101100
+332 0 -330 0 -329 0 +329 1 *
Fa
0  1e-07 344 0

0101000
+328 0 *
Ve
1e-07
-7.758332 -11.86236 1.3796
0 0

0101101
*
Ed
 1e-07 1 1 0
1  690 0 0 0.0152000000000001
0

0101000
+326 0 -326 1 *
Ed
 1e-07 1 1 0
1  691 0 0 0.0147031238177467
0

0101000
+331 0 -326 0 *
Wi

0101100
+330 0 -325 0 -324 0 +324 1 *
Fa
0  1e-07 345 0

0101000
+323 0 *
Ve
1e-07
-7.746967 -11.853033 1.3796
0 0

0101101
*
Ed
 1e-07 1 1 0
1  692 0 0 0.0152000000000001
0

0101000
+321 0 -321 1 *
Ed
 1e-07 1 1 0
1  693 0 0 0.0147022499638669
0

0101000
+326 0 -321 0 *
Wi

0101100
+325 0 -320 0 -319 0 +319 1 *
Fa
0  1e-07 346 0

0101000
+318 0 *
Ve
1e-07
-7.73764 -11.841668 1.3796
0 0

0101101
*
Ed
 1e-07 1 1 0
1  694 0 0 0.0152000000000001
0

0101000
+316 0 -316 1 *
Ed
 1e-07 1 1 0
1  695 0 0 0.0147022499638657
0

0101000
+321 0 -316 0 *
Wi

0101100
+320 0 -315 0 -314 0 +314 1 *
Fa
0  1e-07 347 0

0101000
+313 0 *
Ve
1e-07
-7.730709 -11.828701 1.3796
0 0

0101101
*
Ed
 1e-07 1 1 0
1  696 0 0 0.0152000000000001
0

0101000
+311 0 -311 1 *
Ed
 1e-07 1 1 0
1  697 0 0 0.0147031238177467
0

0101000
+316 0 -311 0 *
Wi

0101100
+315 0 -310 0 -309 0 +309 1 *
Fa
0  1e-07 348 0

0101000
+308 0 *
Ve
1e-07
-7.726441 -11.814632 1.3796
0 0

0101101
*
Ed
 1e-07 1 1 0
1  698 0 0 0.0152000000000001
0

0101000
+306 0 -306 1 *
Ed
 1e-07 1 1 0
1  699 0 0 0.0147021285873858
0

0101000
+311 0 -306 0 *
Wi

0101100
+310 0 -305 0 -304 0 +304 1 *
Fa
0  1e-07 349 0

0101000
+303 0 *
Ve
1e-07
-7.725 -11.8 1.3796
0 0

0101101
*
Ed
 1e-07 1 1 0
1  700 0 0 0.0152000000000001
0

0101000
+301 0 -301 1 *
Ed
 1e-07 1 1 0
1  701 0 0 0.014702785620418
0

0101000
+306 0 -301 0 *
Wi

0101100
+305 0 -300 0 -299 0 +299 1 *
Fa
0  1e-07 350 0

0101000
+298 0 *
Ve
1e-07
-7.726441 -11.785368 1.3796
0 0

0101101
*
Ed
 1e-07 1 1 0
1  702 0 0 0.0152000000000001
0

0101000
+296 0 -296 1 *
Ed
 1e-07 1 1 0
1  703 0 0 0.0147027856204197
0

0101000
+301 0 -296 0 *
Wi

0101100
+300 0 -295 0 -294 0 +294 1 *
Fa
0  1e-07 351 0

0101000
+293 0 *
Ve
1e-07
-7.730709 -11.771299 1.3796
0 0

0101101
*
Ed
 1e-07 1 1 0
1  704 0 0 0.0152000000000001
0

0101000
+291 0 -291 1 *
Ed
 1e-07 1 1 0
1  705 0 0 0.0147021285873841
0

0101000
+296 0 -291 0 *
Wi

0101100
+295 0 -290 0 -289 0 +289 1 *
Fa
0  1e-07 352 0

0101000
+288 0 *
Ve
1e-07
-7.73764 -11.758332 1.3796
0 0

0101101
*
Ed
 1e-07 1 1 0
1  706 0 0 0.0152000000000001
0

0101000
+286 0 -286 1 *
Ed
 1e-07 1 1 0
1  707 0 0 0.0147031238177483
0

0101000
+291 0 -286 0 *
Wi

0101100
+290 0 -285 0 -284 0 +284 1 *
Fa
0  1e-07 353 0

0101000
+283 0 *
Ve
1e-07
-7.746967 -11.746967 1.3796
0 0

0101101
*
Ed
 1e-07 1 1 0
1  708 0 0 0.0152000000000001
0

0101000
+281 0 -281 1 *
Ed
 1e-07 1 1 0
1  709 0 0 0.0147022499638657
0

0101000
+286 0 -281 0 *
Wi

0101100
+285 0 -280 0 -279 0 +279 1 *
Fa
0  1e-07 354 0

0101000
+278 0 *
Ve
1e-07
-7.758332 -11.73764 1.3796
0 0

0101101
*
Ed
 1e-07 1 1 0
1  710 0 0 0.0152000000000001
0

0101000
+276 0 -276 1 *
Ed
 1e-07 1 1 0
1  711 0 0 0.0147022499638658
0

0101000
+281 0 -276 0 *
Wi

0101100
+280 0 -275 0 -274 0 +274 1 *
Fa
0  1e-07 355 0

0101000
+273 0 *
Ve
1e-07
-7.771299 -11.730709 1.3796
0 0

0101101
*
Ed
 1e-07 1 1 0
1  712 0 0 0.0152000000000001
0

0101000
+271 0 -271 1 *
Ed
 1e-07 1 1 0
1  713 0 0 0.0147031238177475
0

0101000
+276 0 -271 0 *
Wi

0101100
+275 0 -270 0 -269 0 +269 1 *
Fa
0  1e-07 356 0

0101000
+268 0 *
Ve
1e-07
-7.785368 -11.726441 1.3796
0 0

0101101
*
Ed
 1e-07 1 1 0
1  714 0 0 0.0152000000000001
0

0101000
+266 0 -266 1 *
Ed
 1e-07 1 1 0
1  715 0 0 0.0147021285873849
0

0101000
+271 0 -266 0 *
Wi

0101100
+270 0 -265 0 -264 0 +264 1 *
Fa
0  1e-07 357 0

0101000
+263 0 *
Ve
1e-07
-7.8 -11.725 1.3796
0 0

0101101
*
Ed
 1e-07 1 1 0
1  716 0 0 0.0152000000000001
0

0101000
+261 0 -261 1 *
Ed
 1e-07 1 1 0
1  717 0 0 0.0147027856204187
0

0101000
+266 0 -261 0 *
Wi

0101100
+265 0 -260 0 -259 0 +259 1 *
Fa
0  1e-07 358 0

0101000
+258 0 *
Ve
1e-07
-7.814632 -11.726441 1.3796
0 0

0101101
*
Ed
 1e-07 1 1 0
1  718 0 0 0.0152000000000001
0

0101000
+256 0 -256 1 *
Ed
 1e-07 1 1 0
1  719 0 0 0.0147027856204187
0

0101000
+261 0 -256 0 *
Wi

0101100
+260 0 -255 0 -254 0 +254 1 *
Fa
0  1e-07 359 0

0101000
+253 0 *
Ve
1e-07
-7.828701 -11.730709 1.3796
0 0

0101101
*
Ed
 1e-07 1 1 0
1  720 0 0 0.0152000000000001
0

0101000
+251 0 -251 1 *
Ed
 1e-07 1 1 0
1  721 0 0 0.0147021285873849
0

0101000
+256 0 -251 0 *
Wi

0101100
+255 0 -250 0 -249 0 +249 1 *
Fa
0  1e-07 360 0

0101000
+248 0 *
Ve
1e-07
-7.841668 -11.73764 1.3796
0 0

0101101
*
Ed
 1e-07 1 1 0
1  722 0 0 0.0152000000000001
0

0101000
+246 0 -246 1 *
Ed
 1e-07 1 1 0
1  723 0 0 0.0147031238177483
0

0101000
+251 0 -246 0 *
Wi

0101100
+250 0 -245 0 -244 0 +244 1 *
Fa
0  1e-07 361 0

0101000
+243 0 *
Ve
1e-07
-7.853033 -11.746967 1.3796
0 0

0101101
*
Ed
 1e-07 1 1 0
1  724 0 0 0.0152000000000001
0

0101000
+241 0 -241 1 *
Ed
 1e-07 1 1 0
1  725 0 0 0.0147022499638651
0

0101000
+246 0 -241 0 *
Wi

0101100
+245 0 -240 0 -239 0 +239 1 *
Fa
0  1e-07 362 0

0101000
+238 0 *
Ve
1e-07
-7.86236 -11.758332 1.3796
0 0

0101101
*
Ed
 1e-07 1 1 0
1  726 0 0 0.0152000000000001
0

0101000
+236 0 -236 1 *
Ed
 1e-07 1 1 0
1  727 0 0 0.0147022499638657
0

0101000
+241 0 -236 0 *
Wi

0101100
+240 0 -235 0 -234 0 +234 1 *
Fa
0  1e-07 363 0

0101000
+233 0 *
Ve
1e-07
-7.869291 -11.771299 1.3796
0 0

0101101
*
Ed
 1e-07 1 1 0
1  728 0 0 0.0152000000000001
0

0101000
+231 0 -231 1 *
Ed
 1e-07 1 1 0
1  729 0 0 0.0147031238177483
0

0101000
+236 0 -231 0 *
Wi

0101100
+235 0 -230 0 -229 0 +229 1 *
Fa
0  1e-07 364 0

0101000
+228 0 *
Ve
1e-07
-7.873559 -11.785368 1.3796
0 0

0101101
*
Ed
 1e-07 1 1 0
1  730 0 0 0.0152000000000001
0

0101000
+226 0 -226 1 *
Ed
 1e-07 1 1 0
1  731 0 0 0.0147021285873843
0

0101000
+231 0 -226 0 *
Wi

0101100
+230 0 -225 0 -224 0 +224 1 *
Fa
0  1e-07 365 0

0101000
+223 0 *
Ve
1e-07
-7.875 -11.8 1.3796
0 0

0101101
*
Ed
 1e-07 1 1 0
1  732 0 0 0.0152000000000001
0

0101000
+221 0 -221 1 *
Ed
 1e-07 1 1 0
1  733 0 0 0.0147027856204196
0

0101000
+226 0 -221 0 *
Wi

0101100
+225 0 -220 0 -219 0 +219 1 *
Fa
0  1e-07 366 0

0101000
+218 0 *
Ve
1e-07
-7.873559 -11.814632 1.3796
0 0

0101101
*
Ed
 1e-07 1 1 0
1  734 0 0 0.0152000000000001
0

0101000
+216 0 -216 1 *
Ed
 1e-07 1 1 0
1  735 0 0 0.0147027856204179
0

0101000
+221 0 -216 0 *
Wi

0101100
+220 0 -215 0 -214 0 +214 1 *
Fa
0  1e-07 367 0

0101000
+213 0 *
Ve
1e-07
-7.869291 -11.828701 1.3796
0 0

0101101
*
Ed
 1e-07 1 1 0
1  736 0 0 0.0152000000000001
0

0101000
+211 0 -211 1 *
Ed
 1e-07 1 1 0
1  737 0 0 0.014702128587386
0

0101000
+216 0 -211 0 *
Wi

0101100
+215 0 -210 0 -209 0 +209 1 *
Fa
0  1e-07 368 0

0101000
+208 0 *
Ve
1e-07
-7.86236 -11.841668 1.3796
0 0

0101101
*
Ed
 1e-07 1 1 0
1  738 0 0 0.0152000000000001
0

0101000
+206 0 -206 1 *
Ed
 1e-07 1 1 0
1  739 0 0 0.0147031238177467
0

0101000
+211 0 -206 0 *
Wi

0101100
+210 0 -205 0 -204 0 +204 1 *
Fa
0  1e-07 369 0

0101000
+203 0 *
Ve
1e-07
-7.853033 -11.853033 1.3796
0 0

0101101
*
Ed
 1e-07 1 1 0
1  740 0 0 0.0152000000000001
0

0101000
+201 0 -201 1 *
Ed
 1e-07 1 1 0
1  741 0 0 0.0147022499638657
0

0101000
+206 0 -201 0 *
Wi

0101100
+205 0 -200 0 -199 0 +199 1 *
Fa
0  1e-07 370 0

0101000
+198 0 *
Ve
1e-07
-7.841668 -11.86236 1.3796
0 0

0101101
*
Ed
 1e-07 1 1 0
1  742 0 0 0.0152000000000001
0

0101000
+196 0 -196 1 *
Ed
 1e-07 1 1 0
1  743 0 0 0.0147022499638663
0

0101000
+201 0 -196 0 *
Wi

0101100
+200 0 -195 0 -194 0 +194 1 *
Fa
0  1e-07 371 0

0101000
+193 0 *
Ve
1e-07
-7.828701 -11.869291 1.3796
0 0

0101101
*
Ed
 1e-07 1 1 0
1  744 0 0 0.0152000000000001
0

0101000
+191 0 -191 1 *
Ed
 1e-07 1 1 0
1  745 0 0 0.0147031238177475
0

0101000
+196 0 -191 0 *
Wi

0101100
+195 0 -190 0 -189 0 +189 1 *
Fa
0  1e-07 372 0

0101000
+188 0 *
Ve
1e-07
-7.814632 -11.873559 1.3796
0 0

0101101
*
Ed
 1e-07 1 1 0
1  746 0 0 0.0152000000000001
0

0101000
+186 0 -186 1 *
Ed
 1e-07 1 1 0
1  747 0 0 0.0147021285873849
0

0101000
+191 0 -186 0 *
Wi

0101100
+190 0 -185 0 -184 0 +184 1 *
Fa
0  1e-07 373 0

0101000
+183 0 *
Ve
1e-07
-7.8 -11.875 1.3796
0 0

0101101
*
Ed
 1e-07 1 1 0
1  748 0 0 0.0152000000000001
0

0101000
+181 0 -181 1 *
Ed
 1e-07 1 1 0
1  749 0 0 0.0147027856204187
0

0101000
+186 0 -181 0 *
Wi

0101100
+185 0 -180 0 -179 0 +179 1 *
Fa
0  1e-07 374 0

0101000
+178 0 *
Ed
 1e-07 1 1 0
1  750 0 0 0.0147027856204187
0

0101000
+181 0 -333 0 *
Wi

0101100
+180 0 -332 0 -176 0 +176 1 *
Fa
0  1e-07 375 0

0101000
+175 0 *
Ve
1e-07
-7.485368 -11.573559 1.3796
0 0

0101101
*
Ed
 1e-07 1 1 0
1  751 0 0 0.0152000000000001
0

0101000
+173 0 -173 1 *
Ve
1e-07
-7.471299 -11.569291 1.3796
0 0

0101101
*
Ed
 1e-07 1 1 0
1  752 0 0 0.0152000000000001
0

0101000
+171 0 -171 1 *
Ed
 1e-07 1 1 0
1  753 0 0 0.0147021285873849
0

0101000
+173 0 -171 0 *
Wi

0101100
+172 0 -170 0 -169 0 +169 1 *
Fa
0  1e-07 376 0

0101000
+168 0 *
Ve
1e-07
-7.458332 -11.56236 1.3796
0 0

0101101
*
Ed
 1e-07 1 1 0
1  754 0 0 0.0152000000000001
0

0101000
+166 0 -166 1 *
Ed
 1e-07 1 1 0
1  755 0 0 0.0147031238177467
0

0101000
+171 0 -166 0 *
Wi

0101100
+170 0 -165 0 -164 0 +164 1 *
Fa
0  1e-07 377 0

0101000
+163 0 *
Ve
1e-07
-7.446967 -11.553033 1.3796
0 0

0101101
*
Ed
 1e-07 1 1 0
1  756 0 0 0.0152000000000001
0

0101000
+161 0 -161 1 *
Ed
 1e-07 1 1 0
1  757 0 0 0.0147022499638669
0

0101000
+166 0 -161 0 *
Wi

0101100
+165 0 -160 0 -159 0 +159 1 *
Fa
0  1e-07 378 0

0101000
+158 0 *
Ve
1e-07
-7.43764 -11.541668 1.3796
0 0

0101101
*
Ed
 1e-07 1 1 0
1  758 0 0 0.0152000000000001
0

0101000
+156 0 -156 1 *
Ed
 1e-07 1 1 0
1  759 0 0 0.0147022499638657
0

0101000
+161 0 -156 0 *
Wi

0101100
+160 0 -155 0 -154 0 +154 1 *
Fa
0  1e-07 379 0

0101000
+153 0 *
Ve
1e-07
-7.430709 -11.528701 1.3796
0 0

0101101
*
Ed
 1e-07 1 1 0
1  760 0 0 0.0152000000000001
0

0101000
+151 0 -151 1 *
Ed
 1e-07 1 1 0
1  761 0 0 0.0147031238177467
0

0101000
+156 0 -151 0 *
Wi

0101100
+155 0 -150 0 -149 0 +149 1 *
Fa
0  1e-07 380 0

0101000
+148 0 *
Ve
1e-07
-7.426441 -11.514632 1.3796
0 0

0101101
*
Ed
 1e-07 1 1 0
1  762 0 0 0.0152000000000001
0

0101000
+146 0 -146 1 *
Ed
 1e-07 1 1 0
1  763 0 0 0.0147021285873843
0

0101000
+151 0 -146 0 *
Wi

0101100
+150 0 -145 0 -144 0 +144 1 *
Fa
0  1e-07 381 0

0101000
+143 0 *
Ve
1e-07
-7.425 -11.5 1.3796
0 0

0101101
*
Ed
 1e-07 1 1 0
1  764 0 0 0.0152000000000001
0

0101000
+141 0 -141 1 *
Ed
 1e-07 1 1 0
1  765 0 0 0.0147027856204196
0

0101000
+146 0 -141 0 *
Wi

0101100
+145 0 -140 0 -139 0 +139 1 *
Fa
0  1e-07 382 0

0101000
+138 0 *
Ve
1e-07
-7.426441 -11.485368 1.3796
0 0

0101101
*
Ed
 1e-07 1 1 0
1  766 0 0 0.0152000000000001
0

0101000
+136 0 -136 1 *
Ed
 1e-07 1 1 0
1  767 0 0 0.0147027856204196
0

0101000
+141 0 -136 0 *
Wi

0101100
+140 0 -135 0 -134 0 +134 1 *
Fa
0  1e-07 383 0

0101000
+133 0 *
Ve
1e-07
-7.430709 -11.471299 1.3796
0 0

0101101
*
Ed
 1e-07 1 1 0
1  768 0 0 0.0152000000000001
0

0101000
+131 0 -131 1 *
Ed
 1e-07 1 1 0
1  769 0 0 0.0147021285873843
0

0101000
+136 0 -131 0 *
Wi

0101100
+135 0 -130 0 -129 0 +129 1 *
Fa
0  1e-07 384 0

0101000
+128 0 *
Ve
1e-07
-7.43764 -11.458332 1.3796
0 0

0101101
*
Ed
 1e-07 1 1 0
1  770 0 0 0.0152000000000001
0

0101000
+126 0 -126 1 *
Ed
 1e-07 1 1 0
1  771 0 0 0.0147031238177467
0

0101000
+131 0 -126 0 *
Wi

0101100
+130 0 -125 0 -124 0 +124 1 *
Fa
0  1e-07 385 0

0101000
+123 0 *
Ve
1e-07
-7.446967 -11.446967 1.3796
0 0

0101101
*
Ed
 1e-07 1 1 0
1  772 0 0 0.0152000000000001
0

0101000
+121 0 -121 1 *
Ed
 1e-07 1 1 0
1  773 0 0 0.0147022499638657
0

0101000
+126 0 -121 0 *
Wi

0101100
+125 0 -120 0 -119 0 +119 1 *
Fa
0  1e-07 386 0

0101000
+118 0 *
Ve
1e-07
-7.458332 -11.43764 1.3796
0 0

0101101
*
Ed
 1e-07 1 1 0
1  774 0 0 0.0152000000000001
0

0101000
+116 0 -116 1 *
Ed
 1e-07 1 1 0
1  775 0 0 0.0147022499638669
0

0101000
+121 0 -116 0 *
Wi

0101100
+120 0 -115 0 -114 0 +114 1 *
Fa
0  1e-07 387 0

0101000
+113 0 *
Ve
1e-07
-7.471299 -11.430709 1.3796
0 0

0101101
*
Ed
 1e-07 1 1 0
1  776 0 0 0.0152000000000001
0

0101000
+111 0 -111 1 *
Ed
 1e-07 1 1 0
1  777 0 0 0.0147031238177467
0

0101000
+116 0 -111 0 *
Wi

0101100
+115 0 -110 0 -109 0 +109 1 *
Fa
0  1e-07 388 0

0101000
+108 0 *
Ve
1e-07
-7.485368 -11.426441 1.3796
0 0

0101101
*
Ed
 1e-07 1 1 0
1  778 0 0 0.0152000000000001
0

0101000
+106 0 -106 1 *
Ed
 1e-07 1 1 0
1  779 0 0 0.0147021285873849
0

0101000
+111 0 -106 0 *
Wi

0101100
+110 0 -105 0 -104 0 +104 1 *
Fa
0  1e-07 389 0

0101000
+103 0 *
Ve
1e-07
-7.5 -11.425 1.3796
0 0

0101101
*
Ed
 1e-07 1 1 0
1  780 0 0 0.0152000000000001
0

0101000
+101 0 -101 1 *
Ed
 1e-07 1 1 0
1  781 0 0 0.0147027856204187
0

0101000
+106 0 -101 0 *
Wi

0101100
+105 0 -100 0 -99 0 +99 1 *
Fa
0  1e-07 390 0

0101000
+98 0 *
Ve
1e-07
-7.514632 -11.426441 1.3796
0 0

0101101
*
Ed
 1e-07 1 1 0
1  782 0 0 0.0152000000000001
0

0101000
+96 0 -96 1 *
Ed
 1e-07 1 1 0
1  783 0 0 0.0147027856204187
0

0101000
+101 0 -96 0 *
Wi

0101100
+100 0 -95 0 -94 0 +94 1 *
Fa
0  1e-07 391 0

0101000
+93 0 *
Ve
1e-07
-7.528701 -11.430709 1.3796
0 0

0101101
*
Ed
 1e-07 1 1 0
1  784 0 0 0.0152000000000001
0

0101000
+91 0 -91 1 *
Ed
 1e-07 1 1 0
1  785 0 0 0.0147021285873849
0

0101000
+96 0 -91 0 *
Wi

0101100
+95 0 -90 0 -89 0 +89 1 *
Fa
0  1e-07 392 0

0101000
+88 0 *
Ve
1e-07
-7.541668 -11.43764 1.3796
0 0

0101101
*
Ed
 1e-07 1 1 0
1  786 0 0 0.0152000000000001
0

0101000
+86 0 -86 1 *
Ed
 1e-07 1 1 0
1  787 0 0 0.0147031238177467
0

0101000
+91 0 -86 0 *
Wi

0101100
+90 0 -85 0 -84 0 +84 1 *
Fa
0  1e-07 393 0

0101000
+83 0 *
Ve
1e-07
-7.553033 -11.446967 1.3796
0 0

0101101
*
Ed
 1e-07 1 1 0
1  788 0 0 0.0152000000000001
0

0101000
+81 0 -81 1 *
Ed
 1e-07 1 1 0
1  789 0 0 0.0147022499638669
0

0101000
+86 0 -81 0 *
Wi

0101100
+85 0 -80 0 -79 0 +79 1 *
Fa
0  1e-07 394 0

0101000
+78 0 *
Ve
1e-07
-7.56236 -11.458332 1.3796
0 0

0101101
*
Ed
 1e-07 1 1 0
1  790 0 0 0.0152000000000001
0

0101000
+76 0 -76 1 *
Ed
 1e-07 1 1 0
1  791 0 0 0.0147022499638657
0

0101000
+81 0 -76 0 *
Wi

0101100
+80 0 -75 0 -74 0 +74 1 *
Fa
0  1e-07 395 0

0101000
+73 0 *
Ve
1e-07
-7.569291 -11.471299 1.3796
0 0

0101101
*
Ed
 1e-07 1 1 0
1  792 0 0 0.0152000000000001
0

0101000
+71 0 -71 1 *
Ed
 1e-07 1 1 0
1  793 0 0 0.0147031238177467
0

0101000
+76 0 -71 0 *
Wi

0101100
+75 0 -70 0 -69 0 +69 1 *
Fa
0  1e-07 396 0

0101000
+68 0 *
Ve
1e-07
-7.573559 -11.485368 1.3796
0 0

0101101
*
Ed
 1e-07 1 1 0
1  794 0 0 0.0152000000000001
0

0101000
+66 0 -66 1 *
Ed
 1e-07 1 1 0
1  795 0 0 0.0147021285873843
0

0101000
+71 0 -66 0 *
Wi

0101100
+70 0 -65 0 -64 0 +64 1 *
Fa
0  1e-07 397 0

0101000
+63 0 *
Ve
1e-07
-7.575 -11.5 1.3796
0 0

0101101
*
Ed
 1e-07 1 1 0
1  796 0 0 0.0152000000000001
0

0101000
+61 0 -61 1 *
Ed
 1e-07 1 1 0
1  797 0 0 0.0147027856204196
0

0101000
+66 0 -61 0 *
Wi

0101100
+65 0 -60 0 -59 0 +59 1 *
Fa
0  1e-07 398 0

0101000
+58 0 *
Ve
1e-07
-7.573559 -11.514632 1.3796
0 0

0101101
*
Ed
 1e-07 1 1 0
1  798 0 0 0.0152000000000001
0

0101000
+56 0 -56 1 *
Ed
 1e-07 1 1 0
1  799 0 0 0.0147027856204196
0

0101000
+61 0 -56 0 *
Wi

0101100
+60 0 -55 0 -54 0 +54 1 *
Fa
0  1e-07 399 0

0101000
+53 0 *
Ve
1e-07
-7.569291 -11.528701 1.3796
0 0

0101101
*
Ed
 1e-07 1 1 0
1  800 0 0 0.0152000000000001
0

0101000
+51 0 -51 1 *
Ed
 1e-07 1 1 0
1  801 0 0 0.0147021285873843
0

0101000
+56 0 -51 0 *
Wi

0101100
+55 0 -50 0 -49 0 +49 1 *
Fa
0  1e-07 400 0

0101000
+48 0 *
Ve
1e-07
-7.56236 -11.541668 1.3796
0 0

0101101
*
Ed
 1e-07 1 1 0
1  802 0 0 0.0152000000000001
0

0101000
+46 0 -46 1 *
Ed
 1e-07 1 1 0
1  803 0 0 0.0147031238177467
0

0101000
+51 0 -46 0 *
Wi

0101100
+50 0 -45 0 -44 0 +44 1 *
Fa
0  1e-07 401 0

0101000
+43 0 *
Ve
1e-07
-7.553033 -11.553033 1.3796
0 0

0101101
*
Ed
 1e-07 1 1 0
1  804 0 0 0.0152000000000001
0

0101000
+41 0 -41 1 *
Ed
 1e-07 1 1 0
1  805 0 0 0.0147022499638657
0

0101000
+46 0 -41 0 *
Wi

0101100
+45 0 -40 0 -39 0 +39 1 *
Fa
0  1e-07 402 0

0101000
+38 0 *
Ve
1e-07
-7.541668 -11.56236 1.3796
0 0

0101101
*
Ed
 1e-07 1 1 0
1  806 0 0 0.0152000000000001
0

0101000
+36 0 -36 1 *
Ed
 1e-07 1 1 0
1  807 0 0 0.0147022499638669
0

0101000
+41 0 -36 0 *
Wi

0101100
+40 0 -35 0 -34 0 +34 1 *
Fa
0  1e-07 403 0

0101000
+33 0 *
Ve
1e-07
-7.528701 -11.569291 1.3796
0 0

0101101
*
Ed
 1e-07 1 1 0
1  808 0 0 0.0152000000000001
0

0101000
+31 0 -31 1 *
Ed
 1e-07 1 1 0
1  809 0 0 0.0147031238177467
0

0101000
+36 0 -31 0 *
Wi

0101100
+35 0 -30 0 -29 0 +29 1 *
Fa
0  1e-07 404 0

0101000
+28 0 *
Ve
1e-07
-7.514632 -11.573559 1.3796
0 0

0101101
*
Ed
 1e-07 1 1 0
1  810 0 0 0.0152000000000001
0

0101000
+26 0 -26 1 *
Ed
 1e-07 1 1 0
1  811 0 0 0.0147021285873849
0

0101000
+31 0 -26 0 *
Wi

0101100
+30 0 -25 0 -24 0 +24 1 *
Fa
0  1e-07 405 0

0101000
+23 0 *
Ve
1e-07
-7.5 -11.575 1.3796
0 0

0101101
*
Ed
 1e-07 1 1 0
1  812 0 0 0.0152000000000001
0

0101000
+21 0 -21 1 *
Ed
 1e-07 1 1 0
1  813 0 0 0.0147027856204187
0

0101000
+26 0 -21 0 *
Wi

0101100
+25 0 -20 0 -19 0 +19 1 *
Fa
0  1e-07 406 0

0101000
+18 0 *
Ed
 1e-07 1 1 0
1  814 0 0 0.0147027856204187
0

0101000
+21 0 -173 0 *
Wi

0101100
+20 0 -172 0 -16 0 +16 1 *
Fa
0  1e-07 407 0

0101000
+15 0 *
Wi

0101100
+2044 0 +2039 0 +2034 0 +2029 0 +2024 0 +2019 0 +2014 0 +2009 0 +2004 0 +1999 0 
+1994 0 +1989 0 +1984 0 +1979 0 +1974 0 +1969 0 +1964 0 +1959 0 +1954 0 +1949 0 
+1944 0 +1939 0 +1934 0 +1929 0 +1924 0 +1919 0 +1914 0 +1909 0 +1904 0 +1899 0 
+1894 0 +1889 0 +1884 0 +1879 0 +1874 0 +1869 0 +1864 0 +1859 0 +1854 0 +1849 0 
+1844 0 +1839 0 +1834 0 +1829 0 +1824 0 +1819 0 +1814 0 +1809 0 +1804 0 +1799 0 
+1794 0 +1789 0 +1784 0 +1779 0 +1774 0 +1769 0 +1764 0 +1759 0 +1754 0 +1749 0 
+1744 0 +1739 0 +1734 0 +1729 0 +1724 0 +1719 0 +1714 0 +1709 0 +1704 0 +1699 0 
+1694 0 +1689 0 +1684 0 +1679 0 +1674 0 +1669 0 +1664 0 +1659 0 +1654 0 +1649 0 
+1644 0 +1639 0 +1634 0 +1629 0 +1624 0 +1619 0 +1614 0 +1609 0 +1604 0 +1599 0 
+1594 0 +1589 0 +1584 0 +1579 0 +1574 0 +1569 0 +1564 0 +1559 0 +1554 0 +1549 0 
+1544 0 +1539 0 +1534 0 +1529 0 +1524 0 +1519 0 +1514 0 +1509 0 +1504 0 +1499 0 
+1494 0 +1489 0 +1484 0 +1479 0 +1474 0 +1469 0 +1464 0 +1459 0 +1454 0 +1449 0 
+1444 0 +1439 0 +1434 0 +1429 0 +1424 0 +1419 0 +1414 0 +1409 0 +1404 0 +1399 0 
+1394 0 +1389 0 +1384 0 +1379 0 +1374 0 +1369 0 +1364 0 +1359 0 +1354 0 +1349 0 
+1344 0 +1339 0 +1334 0 +1329 0 +1324 0 +1319 0 +1314 0 +1309 0 +1304 0 +1299 0 
+1294 0 +1289 0 +1284 0 +1279 0 +1274 0 +1269 0 +1264 0 +1259 0 +1254 0 +1249 0 
+1244 0 +1239 0 +1234 0 +1229 0 +1224 0 +1219 0 +1214 0 +1209 0 +1204 0 +1199 0 
+1194 0 +1189 0 +1184 0 +1179 0 +1174 0 +1169 0 +1164 0 +1159 0 +1154 0 +1149 0 
+1144 0 +1139 0 +1134 0 +1129 0 +1124 0 +1119 0 +1114 0 +1109 0 +1104 0 +1099 0 
+1094 0 +1089 0 +1084 0 +1079 0 +1074 0 +1069 0 +1064 0 +1059 0 +1054 0 +1049 0 
+1044 0 +1039 0 +1034 0 +1031 0 *
Wi

0101100
+1024 0 +1019 0 +1014 0 +1009 0 +1004 0 +999 0 +996 0 *
Wi

0101100
+989 0 +984 0 +979 0 +976 0 *
Wi

0101100
+969 0 +964 0 +959 0 +954 0 +949 0 +944 0 +939 0 +934 0 +929 0 +924 0 
+919 0 +914 0 +909 0 +904 0 +899 0 +894 0 +889 0 +884 0 +879 0 +874 0 
+869 0 +864 0 +859 0 +854 0 +849 0 +844 0 +839 0 +834 0 +829 0 +824 0 
+819 0 +816 0 *
Wi

0101100
+809 0 +804 0 +799 0 +794 0 +789 0 +784 0 +779 0 +774 0 +769 0 +764 0 
+759 0 +754 0 +749 0 +744 0 +739 0 +734 0 +729 0 +724 0 +719 0 +714 0 
+709 0 +704 0 +699 0 +694 0 +689 0 +684 0 +679 0 +674 0 +669 0 +664 0 
+659 0 +656 0 *
Wi

0101100
+649 0 +644 0 +639 0 +634 0 +629 0 +624 0 +619 0 +614 0 +609 0 +604 0 
+599 0 +594 0 +589 0 +584 0 +579 0 +574 0 +569 0 +564 0 +559 0 +554 0 
+549 0 +544 0 +539 0 +534 0 +529 0 +524 0 +519 0 +514 0 +509 0 +504 0 
+499 0 +496 0 *
Wi

0101100
+489 0 +484 0 +479 0 +474 0 +469 0 +464 0 +459 0 +454 0 +449 0 +444 0 
+439 0 +434 0 +429 0 +424 0 +419 0 +414 0 +409 0 +404 0 +399 0 +394 0 
+389 0 +384 0 +379 0 +374 0 +369 0 +364 0 +359 0 +354 0 +349 0 +344 0 
+339 0 +336 0 *
Wi

0101100
+329 0 +324 0 +319 0 +314 0 +309 0 +304 0 +299 0 +294 0 +289 0 +284 0 
+279 0 +274 0 +269 0 +264 0 +259 0 +254 0 +249 0 +244 0 +239 0 +234 0 
+229 0 +224 0 +219 0 +214 0 +209 0 +204 0 +199 0 +194 0 +189 0 +184 0 
+179 0 +176 0 *
Wi

0101100
+169 0 +164 0 +159 0 +154 0 +149 0 +144 0 +139 0 +134 0 +129 0 +124 0 
+119 0 +114 0 +109 0 +104 0 +99 0 +94 0 +89 0 +84 0 +79 0 +74 0 
+69 0 +64 0 +59 0 +54 0 +49 0 +44 0 +39 0 +34 0 +29 0 +24 0 
+19 0 +16 0 *
Fa
0  1e-07 408 0

0111000
+13 0 -12 0 -11 0 -10 0 -9 0 -8 0 -7 0 -6 0 -5 0 *
Sh

0101100
+2042 0 +2037 0 +2032 0 +2027 0 +2022 0 +2017 0 +2012 0 +2007 0 +2002 0 +1997 0 
+1992 0 +1987 0 +1982 0 +1977 0 +1972 0 +1967 0 +1962 0 +1957 0 +1952 0 +1947 0 
+1942 0 +1937 0 +1932 0 +1927 0 +1922 0 +1917 0 +1912 0 +1907 0 +1902 0 +1897 0 
+1892 0 +1887 0 +1882 0 +1877 0 +1872 0 +1867 0 +1862 0 +1857 0 +1852 0 +1847 0 
+1842 0 +1837 0 +1832 0 +1827 0 +1822 0 +1817 0 +1812 0 +1807 0 +1802 0 +1797 0 
+1792 0 +1787 0 +1782 0 +1777 0 +1772 0 +1767 0 +1762 0 +1757 0 +1752 0 +1747 0 
+1742 0 +1737 0 +1732 0 +1727 0 +1722 0 +1717 0 +1712 0 +1707 0 +1702 0 +1697 0 
+1692 0 +1687 0 +1682 0 +1677 0 +1672 0 +1667 0 +1662 0 +1657 0 +1652 0 +1647 0 
+1642 0 +1637 0 +1632 0 +1627 0 +1622 0 +1617 0 +1612 0 +1607 0 +1602 0 +1597 0 
+1592 0 +1587 0 +1582 0 +1577 0 +1572 0 +1567 0 +1562 0 +1557 0 +1552 0 +1547 0 
+1542 0 +1537 0 +1532 0 +1527 0 +1522 0 +1517 0 +1512 0 +1507 0 +1502 0 +1497 0 
+1492 0 +1487 0 +1482 0 +1477 0 +1472 0 +1467 0 +1462 0 +1457 0 +1452 0 +1447 0 
+1442 0 +1437 0 +1432 0 +1427 0 +1422 0 +1417 0 +1412 0 +1407 0 +1402 0 +1397 0 
+1392 0 +1387 0 +1382 0 +1377 0 +1372 0 +1367 0 +1362 0 +1357 0 +1352 0 +1347 0 
+1342 0 +1337 0 +1332 0 +1327 0 +1322 0 +1317 0 +1312 0 +1307 0 +1302 0 +1297 0 
+1292 0 +1287 0 +1282 0 +1277 0 +1272 0 +1267 0 +1262 0 +1257 0 +1252 0 +1247 0 
+1242 0 +1237 0 +1232 0 +1227 0 +1222 0 +1217 0 +1212 0 +1207 0 +1202 0 +1197 0 
+1192 0 +1187 0 +1182 0 +1177 0 +1172 0 +1167 0 +1162 0 +1157 0 +1152 0 +1147 0 
+1142 0 +1137 0 +1132 0 +1127 0 +1122 0 +1117 0 +1112 0 +1107 0 +1102 0 +1097 0 
+1092 0 +1087 0 +1082 0 +1077 0 +1072 0 +1067 0 +1062 0 +1057 0 +1052 0 +1047 0 
+1042 0 +1037 0 +1032 0 +1029 0 -1022 0 -1017 0 -1012 0 -1007 0 -1002 0 -997 0 
-994 0 -987 0 -982 0 -977 0 -974 0 -967 0 -962 0 -957 0 -952 0 -947 0 
-942 0 -937 0 -932 0 -927 0 -922 0 -917 0 -912 0 -907 0 -902 0 -897 0 
-892 0 -887 0 -882 0 -877 0 -872 0 -867 0 -862 0 -857 0 -852 0 -847 0 
-842 0 -837 0 -832 0 -827 0 -822 0 -817 0 -814 0 -807 0 -802 0 -797 0 
-792 0 -787 0 -782 0 -777 0 -772 0 -767 0 -762 0 -757 0 -752 0 -747 0 
-742 0 -737 0 -732 0 -727 0 -722 0 -717 0 -712 0 -707 0 -702 0 -697 0 
-692 0 -687 0 -682 0 -677 0 -672 0 -667 0 -662 0 -657 0 -654 0 -647 0 
-642 0 -637 0 -632 0 -627 0 -622 0 -617 0 -612 0 -607 0 -602 0 -597 0 
-592 0 -587 0 -582 0 -577 0 -572 0 -567 0 -562 0 -557 0 -552 0 -547 0 
-542 0 -537 0 -532 0 -527 0 -522 0 -517 0 -512 0 -507 0 -502 0 -497 0 
-494 0 -487 0 -482 0 -477 0 -472 0 -467 0 -462 0 -457 0 -452 0 -447 0 
-442 0 -437 0 -432 0 -427 0 -422 0 -417 0 -412 0 -407 0 -402 0 -397 0 
-392 0 -387 0 -382 0 -377 0 -372 0 -367 0 -362 0 -357 0 -352 0 -347 0 
-342 0 -337 0 -334 0 -327 0 -322 0 -317 0 -312 0 -307 0 -302 0 -297 0 
-292 0 -287 0 -282 0 -277 0 -272 0 -267 0 -262 0 -257 0 -252 0 -247 0 
-242 0 -237 0 -232 0 -227 0 -222 0 -217 0 -212 0 -207 0 -202 0 -197 0 
-192 0 -187 0 -182 0 -177 0 -174 0 -167 0 -162 0 -157 0 -152 0 -147 0 
-142 0 -137 0 -132 0 -127 0 -122 0 -117 0 -112 0 -107 0 -102 0 -97 0 
-92 0 -87 0 -82 0 -77 0 -72 0 -67 0 -62 0 -57 0 -52 0 -47 0 
-42 0 -37 0 -32 0 -27 0 -22 0 -17 0 -14 0 +4 0 -4 1 *
So

0100000
-3 0 *
Co

1100000
+2 0 *

+1 0 